id;brand_id;kode;nama;satuan;nie;created_at;updated_at;supplier_id
2;3;NULL;VITAMIN B12 50 MCG AFI;BOX;POM SD. 211534331;NULL;NULL;22
3;3;NULL;RIVANOL 300 ML;BTL;PKD 20501610186;NULL;NULL;22
4;3;NULL;WHITE VITAMIN C 50 MG AFI;BOX;POM SD 211575381;NULL;NULL;22
5;3;NULL;BEDAK AMORE DUS 50GR/SALICYL;POT;NA 18180400030;NULL;NULL;22
6;3;NULL;POVIDONE IODONE 60 ML;BTL;PKD 20501510726;NULL;NULL;22
7;3;NULL;VITAMIN C 50 MG AFI;BOX;POM SD. 211575381;NULL;NULL;22
8;3;NULL;ASAM FOLAT 1 MG AFI;BOX;POM SD. 211571251;NULL;NULL;22
9;3;NULL;VITAMIN B6 10 MG STRIP AFI;BOX;POM SD. 211537991;NULL;NULL;22
10;3;NULL;SALEP 2-4 30 GR;POT;POM QD191717141;NULL;NULL;22
11;3;NULL;ALKOHOL 70 % 100 ML;BTL;PKD 20501510470;NULL;NULL;22
12;3;NULL;RIVANOL 100 ML;BTL;PKD 20501610186;NULL;NULL;22
14;3;NULL;POVIDONE IODINE 30 ML AFI;BTL;PKD 20501510726;NULL;NULL;22
16;3;NULL;VITAMIN B1 100 MG AFI;BOX;POM SD. 211534311;NULL;NULL;22
17;3;NULL;VITAMIN B1 50 MG STRIP AFI;BOX;POM SD. 211535851;NULL;NULL;22
18;3;NULL;ALKOHOL 70% 300 ML;BOX;PKD 20501510470;NULL;NULL;22
19;3;NULL;ASAM FOLAT 400 MCG AFI;BOX;POM SD. 211571231;NULL;NULL;22
21;3;NULL;SALEP ICHTYOL 15GR;POT;POM QD181716461;NULL;NULL;2
27;8;NULL;CDR ORANGE TAB 10'S BAYER;BOX;NULL;NULL;NULL;1
29;8;NULL;BEPANTHEN BABY 5% OINT 10 GR;TUBE;NULL;NULL;NULL;1
33;9;35695;DEXTROSE MH 10% 500 ML BBRAUN;BTL;GKL1942900449B1;NULL;NULL;6
34;9;35696;DEXTROSE MH 5% 500 ML BBRAUN;BTL;NULL;NULL;NULL;6
35;9;NULL;ECOSOL RINGER LACTATE 500 ML BBRAUN;BTL;GKL2342900649A1;NULL;NULL;6
36;9;NULL;SODIUM CHLORIDE 0,9% 500 ML BBRAUN;BTL;GKL1942900349A1;NULL;NULL;6
38;11;12264;CEFOTAXIME INJ 1 GR BERNO 10 VIAL;BOX;NULL;NULL;NULL;9
39;11;19858;CEFTAZIDIME 1 GR INJK 10 VIAL BRN;BOX;NULL;NULL;NULL;9
40;11;16696;CEFTRIAXONE 1 GR INJ 100 VIAL BRN;BOX;GKL 0502337944A1;NULL;NULL;9
41;11;35756;CEFTRIAXONE SOD SESQUATER 1 GR INJEK 10 VIAL;BOX;GKL 0502337944A1;NULL;NULL;26
42;11;17043;PARACETAMOL INFUS 1GR BTL 100 ML;BTL;GKL 1202346149A1;NULL;NULL;26
43;11;17664;PARACETAMOL SIRUP BTL 60 ML BERNO;BTL;GBL 9102315637A1;NULL;NULL;26
44;11;16570;LEVOFLOXACIN 500 MG/100 ML INFUS BERNO;BTL;GKL 1002342849A1;NULL;NULL;26
46;11;34164;LANSOPRAZOL 30 MG KAPS BOX 100'S;BOX;GKL 502337403A1;NULL;NULL;9
47;11;15197;CITICHOLINE INJ 250MG/2ML INJEKSI BRN;BOX;GKL0502337643A1;NULL;NULL;9
49;11;NULL;LEVOFLOXACIN INFUS 750/150ML BERNO;BTL;NULL;NULL;NULL;26
51;11;15394;NYSTATIN DROP 10'S BRN;BOX;GKL 1302347136A1;NULL;NULL;9
52;11;21173;ONDANSENTRON INJ 4MG/2ML @10 BRN;BOX;GKL0702339743A1;NULL;NULL;9
53;11;NULL;RANITIDINE INJ 50MG/2 ML 100 AMP;BOX;GKL0602339143A1;NULL;NULL;26
54;11;NULL;NICARDIPINE HCL INJ BOX 10 AMPL;BOX;GKL 1502350743A1;NULL;NULL;26
55;11;32463;ZINC SULFATE SYR 20 MG BTL 60 ML BERNO;BTL;GTL 1802357937A1;NULL;NULL;26
56;11;24202;TRANEXAMIC ACID 500 MG/5ML INJ;BOX;GKL0402336543B1;NULL;NULL;9
57;11;17178;METHAMIZOLE SDM MNHYDRATE 1000 MG/2 ML INJ;BOX;GKL 8302302543B1;NULL;NULL;9
58;11;NULL;IOHEXOL 350 MG/ML INJEKSI BRN;BOX;NULL;NULL;NULL;9
59;11;12641;METHYLPREDNISOLONE 125 MG INJ BRN;BOX;GKL 0902341744B1;NULL;NULL;9
60;11;34956;LIDOCAIN 2% INJEKSI BRN;BOX;GKL8102300243A1;NULL;NULL;26
61;11;29435;NOREPRINEFRIN BITARTRAT 4MG/4ML 10'S BRN;BOX;GKL 1402348943A1;NULL;NULL;9
62;11;362900;CEFAZOLIN SODIUM 1 GR BRN;BOX;GKL2002362444A1;NULL;NULL;9
63;11;34158;FUROSEMID 2MG/2 ML BRN;BOX;GKL1902360343A1;NULL;NULL;9
65;11;362913;KETAMINE HCL 100MG/ML INJ BRN;BOX;NULL;NULL;NULL;9
66;11;16225;KETOROLAC 30MG/ML INJEK BRN;BOX;NULL;NULL;NULL;9
68;11;NULL;PANTOPRAZOLE 40 MG INJ BOX 10 VIAL BRN;BOX;GKL1102344244A1;NULL;NULL;9
69;11;NULL;PIRACETAM INJ 1 GRAM BERNO BOX 10 AMP;BOX;GKL1202345844A1;NULL;NULL;9
70;11;NULL;OMEPRAZOLE 40 MG INJEKSI 1 VIAL BRN;BOX;GKL1202345844A1;NULL;NULL;9
72;11;17401;DEXAMETHASONE 5 MG/ML INJ VL @100 BRN;BOX;GKL7802347743A1;NULL;NULL;9
73;11;NULL;DIPHENHYDRAMINE INJ 10 MG/ML INJ;BOX;GKL1502350943A2;NULL;NULL;9
74;11;12673;METRONIDAZOLE 500 MG/100 ML INFUS;BTL;GKL 1002343049A1;NULL;NULL;9
75;11;15056;DOBUTAMINE 250MG/5ML INJ BRN;BOX;GKL 1602351943A1;NULL;NULL;9
76;11;14509;PIRACETAM INJ 3 GRAM BERNO BOX 10 AMP;BOX;GKL 0602338043A1;NULL;NULL;9
78;11;12866;MEROPENEM SERBUK INJ 1G/VL BOX 10 VIAL;BOX;NULL;NULL;NULL;9
80;14;32968;DULCOLAX 5MG BOX 6 SUPP;BOX;DTL1921208253A1;NULL;NULL;6
81;14;NULL;COMBIVENT 2,5 ML UDV 20'S;BOX;DKI1152502775A1;NULL;NULL;6
82;14;29743;DULCOLAX 5 MG 1 BOX @ 10 TAB;BOX;DTL1821207915A1;NULL;NULL;6
83;14;32967;DULCOLAX 10 MGS ADULT 5 SUPP;BOX;DTL1921208253B1;NULL;NULL;29
84;15;NULL;TOBROSON 0.6ML @5'S MINIDOSE;STP;DKL0203808346A1;NULL;NULL;2
85;15;NULL;CENDO XITROL 5 ML;BTL;DKL7203809746A1;NULL;NULL;2
86;15;NULL;CENDO XITROL MINIDOSE/STRIP;STRIP;DKL7203809746A1;NULL;NULL;2
89;18;27998;SUCRALFATE SUSPENSI 100 ML COMBIPHAR;BTL;GKL2304135633A1;NULL;NULL;6
92;19;10552;CROFED TABLET 100'S;BOX;DTL9504210910A1;NULL;NULL;24
93;19;17215;COROVIT TABLET 100'S;BOX;POM SD 19155711;NULL;NULL;24
95;19;23222;DEMACOLIN BOX 100 TAB;BOX;DTL7804215937A1;NULL;NULL;24
96;21;NULL;COSMOMED IV CATHETER WITH INJECTION PORT 24 G;PCS;NULL;NULL;NULL;11
97;24;NULL;SILEX SYRUP 100 ML;BTL;POM TR. 19262841;NULL;NULL;6
99;24;NULL;VICEE STRAWBERY TAB 100'S;BOX;POM SD 161549151;NULL;NULL;6
100;24;NULL;DECOLGEN PE TAB;BOX;DTL1604525710A1;NULL;NULL;6
101;24;NULL;ENERVON C TAB 30'S;BOX;POM SD 011500991;NULL;NULL;6
102;24;NULL;VICEE LEMON TAB 100'S;BOX;POM SD 161549171;NULL;NULL;6
103;24;NULL;VICEE ORANGE TAB 100'S;BOX;POM SD 161549161;NULL;NULL;6
104;24;NULL;VICEE GRAPE TAB 100'S;BOX;POM SD 161549181;NULL;NULL;6
105;24;NULL;ASPILETS CHEWABLE;BOX;DKL7214703063A1;NULL;NULL;6
106;24;NULL;PARATUSIN TAB 200'S;BOX;DTL1604525010A1;NULL;NULL;6
107;24;22583;DECOLSIN CAPS 100'S;BOX;DTL1504523001A1;NULL;NULL;6
108;24;17385;DECOLGEN TAB 100'S;BOX;NULL;NULL;NULL;6
109;24;26013;METRONIDAZOLE INFUS BTL 100 ML DARYA VARIA;BTL;NULL;NULL;NULL;3
110;24;14221;BIOGESIC BLISTER;BOX;DBL8814702510A3;NULL;NULL;6
111;24;14919;BURNAZIN CREAM 35 GR;TUBE;DKL7804510629A1;NULL;NULL;6
114;24;20813;PARATUSIN SYRUP 60 ML;BTL;DTL1604525137A1;NULL;NULL;6
117;25;31829;ACARBOSE TAB 100 MG (BOX/100 TAB);BOX;GKL1105045110B1;NULL;NULL;1
122;25;NULL;FOLAMIL GENIO SOFT CAPSUL 30'S;BOX;POM SD. 071329911;NULL;NULL;1
123;25;NULL;NEURODEX TAB 200S;BOX;NULL;NULL;NULL;5
125;25;NULL;NOPRES 20 MG @30 TAB DEXA;BOX;NULL;NULL;NULL;1
127;25;NULL;ATORVASTATIN 20 MG 3X10TAB;BOX;NULL;NULL;NULL;1
129;25;NULL;ATORVASTATIN FCT 10 MG DXM (BOX/ 100);BOX;NULL;NULL;NULL;1
131;25;NULL;CIPROFLOXACIN INFUS IV;BTL;GKL0305033149A1;NULL;NULL;1
132;25;11513;SISTENOL CAPLET @60;BOX;DKL9060518709A1;NULL;NULL;1
134;25;28353;CANDESARTAN 8 MG (BOX 30'S) DEXA;BOX;GKL1105046010A1;NULL;NULL;1
136;25;NULL;FENOFIBRATE 100 MG DEXA;BOX;GKL1805059901A1;NULL;NULL;1
137;25;NULL;TEOSAL TAB 100'S;BOX;DKL8805004810AI;NULL;NULL;1
138;25;21137;LISINOPRIL TAB 5 MG (BOX/100);BOX;GKL1405047810A1;NULL;NULL;1
139;25;NULL;GELAFUSAL INFUSION 500 ML;BTL;DKI 1234700149A1;NULL;NULL;1
140;25;NULL;METFORMIN 500 MG DEXA BOX 100 TAB;BOX;NULL;NULL;NULL;1
141;25;15357;MEROPENEM DRY INJ 1 GR (BOX 10 VIAL);BOX;GKL1205046144B1;NULL;NULL;1
142;25;NULL;SUCRALFATE TABLET 500MG (BOX/100);BOX;GKL1705058410A1;NULL;NULL;1
144;27;NULL;SUTRA CLASIC 12'S;PACK;AKL 21104511195;NULL;NULL;8
145;27;NULL;SUTRA CLASIC 3'S;PCS;AKL 21104511195;NULL;NULL;8
146;27;NULL;SUTRA OK 24S;PACK;AKL 21104512098;NULL;NULL;8
147;27;NULL;SUTRA OK 12'S;PACK;AKL 21104512098;NULL;NULL;8
148;27;NULL;SUTRA OK 3'S;PCS;AKL 21104512098;NULL;NULL;8
149;27;NULL;SUTRA CLASIC 24'S;PACK;AKL 21104511195;NULL;NULL;8
150;29;361778;WATER FOR INJECTION 25 ML-MJB;BTL;GKL 2141701143A1;NULL;NULL;34
151;29;363534;WATER FOR IRIGATION 500 ML;BTL;GKL 2141701049A1;NULL;NULL;34
152;29;22992;CAIRAN INFUS D5-N5-MJB;BTL;GKL 1641700749A1;NULL;NULL;34
153;29;22240;RINGER LACTAT INFUS 500 ML EMJEBE;BTL;GKL 1741700849A1;NULL;NULL;34
154;29;32833;CAIRAN INFUS ACETAR-MJB;BTL;DKL 2041700949A1;NULL;NULL;34
157;29;25873;CAIRAN INFUS D5-MJB;BTL;GKL 1641700649A1;NULL;NULL;34
158;30;NULL;ENBATIK SERBUK TABUR BOX 36 SCHT;BOX;DKL 9406308924A1;NULL;NULL;4
159;30;NULL;CAVIPLEX KAP BOX/100;BOX;POM SD 101539761;NULL;NULL;9
160;30;30448;GENOINT TETES MATA 5 ML;BTL;DKL0206311246A1;NULL;NULL;8
161;30;30446;ERLAMYCETIN EAR DROP 1% BTL 10ML;BTL;DKL 7206308448A1;NULL;NULL;8
162;30;NULL;CAVIPLEX 60 ML -SYR;BTL;POM SD 101639741;NULL;NULL;8
163;30;362590;GENOINT EYE OINT 3%;TUBE;DKL 9306308431A1;NULL;NULL;8
164;30;NULL;DOMPERIDONE SUSP 60 ML;BTL;GKL 1306415533A1;NULL;NULL;2
166;30;30489;ERLAMYCETIN SALEP MATA;TUBE;DKL 7206313731A1;NULL;NULL;2
167;30;30513;ERLAMOL DROP BTL 15 ML;BTL;DBL 2006319636A1;NULL;NULL;8
169;30;30503;ANTASIDA DOEN SUSP 60 ML-SYR ERELLA;BTL;GBL 9106306133A1;NULL;NULL;8
170;30;30443;GENTAMYCIN SULFATE TETES MATA;BTL;GKL1506316946A1;NULL;NULL;8
174;33;NULL;BROMHEXINE HCL 8 MG ERPHA 100 TABLET;BOX;GTL1506416910A1;NULL;NULL;4
176;35;17846;EPHEDRIN HCL INJ 50 MG/ML BOX 10 AMPL;BOX;GKL 8506703343A1;NULL;NULL;6
177;35;31516;MIDAZOLAM HCL 1MG/ML 5ML BOX 10 AMP;BOX;GPL 1960719543A1;NULL;NULL;2
178;35;19016;CALCIUM GLUCONAS INJEKSI 24 AMP @10 ML;BOX;GKL 7206715543A1;NULL;NULL;2
179;35;18551;ATROPIN INJ 0.25 MG / 100 AMPUL;BOX;GKL 0106703143A1;NULL;NULL;6
180;35;25632;EPINEPHRINE 0,1% INJ @100 AMP;BOX;GKL 0106703043A1;NULL;NULL;2
181;37;NULL;FUROSEMIDE 40 MG BOX 100 TAB;BOX;GKL 9832701710A1;NULL;NULL;9
190;37;NULL;SALBUTAMOL 2 MG TAB 100'S FAH;BOX;GKL 9832707710A1;NULL;NULL;9
191;37;NULL;SEVOFLURANE @250ML;BTL;NULL;NULL;NULL;2
198;37;NULL;ACYCLOVIR 200 MG BOX 100 TAB;BOX;GKL 9832703710A1;NULL;NULL;9
203;37;11375;SALBUTAMOL 4 MG 100 TAB YARINDO;BOX;GKL 9832707710B1;NULL;NULL;4
204;38;NULL;ACYCLOVIR KRIM F M 5% 5 GRAM.;TUBE;NULL;NULL;NULL;4
209;42;NULL;VENTOLIN NEBULES 2,5 MG 20AMP/B (F);BOX;DKI 2437200468A1;NULL;NULL;6
211;42;NULL;PANADOL CAPLET 100'S;BOX;DBL9624502804A1;NULL;NULL;6
217;45;16533;HUFAGRIP SYRUP 60 ML;BTL;DTL1007810533A1;NULL;NULL;8
218;45;13626;HUFAGRIP BP SYRUP 60 ML;BTL;DTL0607809137A1;NULL;NULL;8
219;45;12664;HUFAGRIP PILEK SYRUP 60 ML;BTL;DTL0907810237A1;NULL;NULL;8
221;46;NULL;DEXAHARSEN 0.75 MG BOX 200 TAB;BOX;DKL 1307919504D1;NULL;NULL;35
225;49;NULL;RANITIDINE 150 TAB HEXPH BOX100;BOX;GKL 0308509017A1;NULL;NULL;4
227;50;NULL;BYE BYE FEVER FOR BABY SC;BOX;AKD 11403121849;NULL;NULL;30
228;50;NULL;BYE BYE FEVER FOR CHILDREN SC;BOX;AKD 11403121811;NULL;NULL;30
229;50;NULL;SALONPAS SUPER (KOYO) 100;BOX;POM QL 031800111;NULL;NULL;30
231;51;29926;SUCRALFATE SYR 500MG/5ML HOLI BTL 100 ML;BTL;GKL 1817113233A1;NULL;NULL;51
234;52;NULL;PARACETAMOL DROP 15 ML IFARS;BTL;GBL 1709224736A1;NULL;NULL;4
235;52;NULL;NYSTATIN DROPS IFARS BTL 15 ML;BTL;GKL 1709224233A1;NULL;NULL;4
236;52;NULL;KOMPOLAX EMULSI;BTL;DTL 7809204333A1;NULL;NULL;39
240;53;NULL;WATER FOR INJECTION 500 ML IKHA;BTL;NULL;NULL;NULL;38
243;54;NULL;HYLOQUIN 200 MG;BOX;DKL1909504217A1;NULL;NULL;9
245;56;NULL;CAPTROPIL 25 MG TAB 100 INDOFARMA;BOX;NULL;NULL;NULL;NULL
246;25;NULL;PROPYLTHIOURACIL 100 MG BTL 100 TAB;BTL;GKL 9405013010A1;NULL;NULL;1
247;56;NULL;CAPTROPIL 12,5 MG TAB 100 INDOFARMA;BOX;NULL;NULL;NULL;NULL
255;58;NULL;ANTRAIN INJ 2 ML 5 AMP;BOX;DKL 0117616843A1;NULL;NULL;5
256;58;NULL;PAMOL 125 MG SUP 12 SUP/BOX;BOX;DKL 0617621853A1;NULL;NULL;5
257;58;NULL;ANTRAIN INJ 5 AMP @1 G;BOX;DKL 0117616843A1;NULL;NULL;5
258;58;NULL;INERSON OINT 15 GR;TUBE;DKL 8817605230A1;NULL;NULL;35
259;59;21782;O.B.H 100 ML ITRASAL;BTL;DBL 7610906137A1;NULL;NULL;4
260;61;582;NEURALGIN RX 100 KAPL;BOX;DKL 2311647804A1;NULL;NULL;5
264;61;525;BIOPLACENTON GEL 15 GR;TUBE;DKL7211638828A1;NULL;NULL;5
271;62;619;DUVADILAN TABLET;BOX;DKL8112400710A1;NULL;NULL;3
272;62;625;NITROKAF RETARD 2,5 MG KAPS BOX 100 KAPS;BOX;DKL2344406803A1;NULL;NULL;3
273;62;NULL;HYDROCORTISON KF 2,5% CREAM 5 GR;TUBE;GKL 2132302929A1;NULL;NULL;3
277;62;362959;BETAMETASONE KRIM 0,1% 5GR KF;TUBE;GKL 2132302729A1;NULL;NULL;3
282;62;10669;GENTAMYCIN 0,1% 5 GR KF;TUBE;GKL 2232303330A1;NULL;NULL;3
283;62;NULL;GLIMEPIRIDE 2MG BOX 50 TAB;BOX;NULL;NULL;NULL;3
284;62;NULL;GLIMEPIRIDE 4 MG 50'S;BOX;GKL 1212425810D1;NULL;NULL;3
286;62;NULL;PROTOFEN SUPP S'20 SUP;BOX;DKL 0232302253A1;NULL;NULL;3
289;62;NULL;PERMETHRIN KRIM 5% TUBE 10GR;TUBE;GKL 2132302529A1;NULL;NULL;3
299;62;35363;CLOPIDOGREL BISULFATE 75 MG @30 TAB;BOX;GKL2044401717A1;NULL;NULL;3
305;63;NULL;TERMOREX PLUS 60 ML;BTL;DTL 0113019737A1;NULL;NULL;20
308;66;NULL;CITICHOLINE 500 MG TAB 30 MAHAKAM;BOX;NULL;NULL;NULL;30
310;66;NULL;PIOGLITAZONE 15 MG 3X 10 TAB;BOX;GKL 161371111B1;NULL;NULL;30
313;69;NULL;DICLOFENAC POTASIUM 50 MG MEDIKON;BOX;GKL 1114812317A1;NULL;NULL;30
314;69;NULL;GLUCOSAMINE MPL 250;BOX;POM SD. 051522831;NULL;NULL;30
315;69;NULL;AMLODIPIN BESYLATE 5 MG TAB 30 MEDIKON;BOX;NULL;NULL;NULL;30
316;69;NULL;GLUCOSAMINE MPL 500;BOX;POM SD. 061527691;NULL;NULL;30
317;69;NULL;AMLODIPINE BESYLATE 10 MG TAB 30 MEDIKON;BOX;NULL;NULL;NULL;30
318;69;NULL;BIOCORT CREAM 10 GR;TUBE;DKL 9714809229A1;NULL;NULL;30
319;69;NULL;CEFIXIME TRIHYDRATE 100 MG MEDIKON;BOX;GKL 1014812001A1;NULL;NULL;30
321;69;NULL;AMBEVEN KAPSUL;BOX;POM TR 082378191;NULL;NULL;30
322;69;NULL;FENOFIBRATE 200 MG 40'S;BOX;GKL 0814811601A1;NULL;NULL;30
323;69;NULL;BIOCORT CREAM 5 GR;TUBE;DKL 9714809229A1;NULL;NULL;30
324;69;NULL;EPERISON OGB 100 TAB;BOX;GKL 0814911517A1;NULL;NULL;30
326;70;NULL;CHANNA STRIATA 500MG @ 30KPS;BOX;POM HT 203300941;NULL;NULL;3
329;71;NULL;FG TROCHES BOX 120 TAB;BOX;GKL 7215303612A1;NULL;NULL;48
330;74;NULL;EUTHYROX 100 MCG 100'S TAB;BOX;DKI2163401910B1;NULL;NULL;1
331;74;NULL;EUTHYROX 50 MCG NF TAB;BOX;DKI2163401910A1;NULL;NULL;6
336;75;NULL;AMOXYCILLIN DRY SYR 125/5 ML MERSI BTL 60 ML;BTL;GKL 1633312838A1;NULL;NULL;4
337;75;NULL;MERSIBION 5000 INJ BOX 10 AMP;BOX;DKL 0233304243A1;NULL;NULL;12
338;75;NULL;CALCIUM LACTAT 500 MG MERSI BOX 100 TAB;BOX;POM SD 171550261;NULL;NULL;4
339;75;NULL;DOLGESIK INJEKSI 100 MG/2ML BOX @ 5 AMPL;BOX;NULL;NULL;NULL;12
340;75;NULL;PIRACETAM INJK 3 GR BOX 4 AMPL MERSI;BOX;GKL 1633313743A1;NULL;NULL;12
342;75;NULL;DOLGESIK 50 MG CAPSUL BOX 50'S;BOX;NULL;NULL;NULL;8
344;75;NULL;BETAHISTINE 6 MG MERSI BOX 30 TAB;BOX;NULL;NULL;NULL;4
345;75;NULL;SIMUCIL 200 MG TABLET 100'S;BOX;DTL 0433306101A1;NULL;NULL;12
346;75;NULL;SIPENTIN 100 MG;BOX;NULL;NULL;NULL;12
348;75;NULL;PARACETAMOL INFUS 1G/100ML MERSI;BTL;GKL 1733314449A1;NULL;NULL;12
350;75;NULL;SIPENTIN 300 MERSI;BOX;DKL 0833309901A1;NULL;NULL;12
351;75;NULL;SIBITAL 50 MG;BOX;NULL;NULL;NULL;12
352;75;NULL;KUTOIN INJEKSI 100 MG @10 AMPUL;BOX;DKL 0333304543A1;NULL;NULL;12
355;76;NULL;ALPARA KAPLET 150'S;BOX;DTL9230902604A1;NULL;NULL;NULL
358;79;NULL;ASAM FOLAT 400 MCG TAB NOVA;BOX;POM SD 191554331;NULL;NULL;16
359;79;14685;AMOXICILLIN TRIHYDRATE SIRUP 250 MG NOVA;BTL;GKL 1634006938B1;NULL;NULL;16
361;79;31771;MELOXICAM 7,5 MG NOVA;BOX;GKL 1834012410B1;NULL;NULL;16
362;79;NULL;AMBROXOL HCL TABLET NOVA;BOX;GKL 1234009410A1;NULL;NULL;16
363;79;12497;OMEPRAZOLE 20 MG 100 TAB NOVA;BOX;GKL 0934008503A1;NULL;NULL;16
366;79;NULL;ALLOPURINOL 100 TABLET NOVA;BOX;NULL;NULL;NULL;16
367;79;NULL;ALLOPURINOL 300 TABLET NOVA;BOX;GKL 0634005710B1;NULL;NULL;16
368;79;NULL;CETIRIZINE HCL NOVA;BOX;GKL 2034014117A1;NULL;NULL;16
369;79;NULL;CHLORAMPHENICOL 250 KAP NOVA;BOX;NULL;NULL;NULL;16
370;79;NULL;ONDANSETRON HCL 4 MG TAB NOVA 100 TAB;BOX;GKL 2034013917A1;NULL;NULL;16
371;79;NULL;IBUPROFEN 200 MG NOVA;BOX;GTL 0934008817A1;NULL;NULL;16
372;79;NULL;LORATADINE TAB 10 MG NOVA BOX 100 TAB;BOX;GKL 1834012110A1;NULL;NULL;16
373;79;31772;MELOXICAM 15 MG NOVA;BOX;GKL 1834012410A1;NULL;NULL;16
374;79;31770;METHYLPREDNISOLON 8 MG NOVA;BOX;GKL 1734011504A1;NULL;NULL;16
375;79;NULL;METRONIDAZOLE 500 MG TAB NOVA;BOX;GKL 093400810B1;NULL;NULL;16
376;79;NULL;PIROXICAM 10 MG NOVA BOX 100 TAB;BOX;GKL 1234009010A1;NULL;NULL;16
377;79;NULL;PIROXICAM 20 MG TAB NOVA;BOX;GKL 1234009010B1;NULL;NULL;16
381;79;NULL;CHLORPHENAMINE MELEATE TAB NOVA;BOX;GTL 0334003110A1;NULL;NULL;16
386;79;NULL;IBUPROFEN 400MG NOVA BOX 100 TAB;BOX;GKL 0934008817B1;NULL;NULL;16
387;79;NULL;GRISEOFULVIN 125 MG NOVA BOX 100 TAB;BOX;GKL 1634011010A1;NULL;NULL;16
393;79;NULL;CIMETIDINE TABLET NOVA;BOX;GKL 0434003910A1;NULL;NULL;16
394;79;13384;TETRACYCLIN 500 MG NOVA BOX 100 CAPS;BOX;GKL 0734007501A1;NULL;NULL;16
395;79;13682;COTRIMOKSAZOLE NOVA BOX 100 TAB;BOX;GKL 0834008110A1;NULL;NULL;16
399;79;NULL;VITAMIN B KOMPLEKS BOX 100 TAB;BOX;POM SD 151547691;NULL;NULL;16
402;80;NULL;LACTO B SACH;SACHT;POM SI 222035331;NULL;NULL;27
404;80;NULL;LACTO B 40 SACH;BOX;POM SI 222035331;NULL;NULL;2
406;82;NULL;EPERISONE HCL 50MG 100 tab NULAB;BOX;GKL 2043007617A1;NULL;NULL;2
407;82;NULL;MECOBALAMIN 500 MCG NULAB;BOX;GKL 1843001001A1;NULL;NULL;9
408;82;NULL;PREGABALIN 75 MG KAPSUL 3X10 TAB;BOX;NULL;NULL;NULL;2
410;82;NULL;COLCHICINE 0,5 MG 10X5'S NU LAB;BOX;GKL 2043008410A1;NULL;NULL;2
412;82;NULL;MECOBALAMIN INJ 500 MCG;BOX;GKL 2043006143A1;NULL;NULL;2
415;82;NULL;GABAPENTIN 300 MG 30 CAPS NU LAB;BOX;GKL 2043006801A1;NULL;NULL;9
416;82;NULL;GABAPENTIN 100 MG 30 KAPSL NU LAB;BOX;GKL 1943003601A1;NULL;NULL;2
423;82;NULL;MISOPROSTOL 200 MCG TAB 3 X 10'S (NULAB);BOX;GKL 1843000210A1;NULL;NULL;2
425;84;NULL;CANDESARTAN TAB 16 MG OGB BETA;BOX;GKL 1840503110A1;NULL;NULL;33
426;84;NULL;PREGABALIN KAP 75 MG OGB BETA;BOX;GKL 2140504201A1;NULL;NULL;33
427;84;NULL;CEFIXIME KAP 200 MG OGB BETA;BOX;NULL;NULL;NULL;33
428;84;NULL;BISOPROLOL TAB 5 MG OGB BETA;BOX;GKL 1940503817B1;NULL;NULL;33
429;84;NULL;ATORVASTATIN TAB 20 MG OGB BETA;BOX;NULL;NULL;NULL;33
430;84;NULL;CANDESARTAN TAB 8 MG OGB BETA;BOX;GKL 1840503110B1;NULL;NULL;33
431;84;NULL;ACARBOSE TAB 50 MG OGB BETA;BOX;GKL 1740501710A1;NULL;NULL;33
432;84;NULL;ACARBOSE TAB 100 MG OGB BETA;BOX;NULL;NULL;NULL;33
435;25;28352;CANDESARTAN 16 MG (BOX 30'S) DEXA;BOX;GKL 1105046010B1;NULL;NULL;1
436;85;28343;BETAHISTINE 6 MG BOX 100 TAB DEXA;BOX;GKL 0505039810A1;NULL;NULL;6
437;87;NULL;SPUIT 20 CC LL ONEMED BOX 50'S;BOX;AKD 20902900273;NULL;NULL;41
442;87;NULL;KAPAS PUTIH/ KAPAS PEMBALUT OM 50 GR;ROLL;AKD 10902010261;NULL;NULL;41
444;87;NULL;SPUIT 50 CC EC ONEMED BOX 20'S;BOX;AKD 20902910752;NULL;NULL;41
445;87;NULL;SPUIT 50 CC LL ONEMED BOX 20'S;BOX;AKD 20902310175;NULL;NULL;41
447;87;NULL;VERBAN 10 CM ONEMED (50 ROLL);BOX;AKD 10902900146;NULL;NULL;41
448;87;NULL;SPUIT 20 CC EC ONEMED BOX 50'S;BOX;AKD 20902900273;NULL;NULL;41
449;87;NULL;KAPAS PUTIH/KAPAS PEMBALUT OM 25 GR;ROLL;AKD 10902010261;NULL;NULL;41
451;88;NULL;KCL INJ 7,46 OTSU;BTL;DKL 7818704543A1;NULL;NULL;30
479;92;NULL;EPINEPRINE INJ 1 ML PHAPROS AMPUL;AMPUL;NULL;NULL;NULL;9
481;92;NULL;PHYTOMENADION INJ 2 MG/ML 30 AMP;BOX;GKL 0919908943B1;NULL;NULL;3
483;92;NULL;LIVRON B PLEK 100 TAB/DOS;BOX;POM SD 161548171;NULL;NULL;1
491;92;NULL;ORALIT 200 SERBUK @100 SCT (PEHA);box;NULL;NULL;NULL;3
493;94;21525;BIO NATRIC 500 MG BTL 100 TAB;BTL;GBL 9518900710A1;NULL;NULL;4
495;90;NULL;VICKS FORMULA 44 ANAK-ANAK STRAWBERRY 27 ML;BTL;DTL 0704519837A1;NULL;NULL;6
497;90;NULL;NEUROBION CT 250'S NEW;BOX;DBL7215806416B1;NULL;NULL;6
499;90;NULL;NEUROBION FORTE CT 250'S;BOX;DBL9615806416A1;NULL;NULL;6
500;90;NULL;VICKS VAPORUB 10 GR;PCS;POM QL 031700281;NULL;NULL;6
504;100;NULL;TABLET TAMBAH DARAH BOX 100 TAB RAMA;BOX;GBL 928918117A1;NULL;NULL;NULL
508;100;NULL;CLINDAMICYN 300 MG 100'S RAMA;BOX;GKL 1628913501A1;NULL;NULL;42
509;102;NULL;DICLOFENAC SODIUM 50MG BOX SAMCO 100 TAB;BOX;GKL 1307919504D1;NULL;NULL;4
511;104;NULL;BISOLVON SOL 50 ML;BTL;DTL 1721206735A1;NULL;NULL;6
512;105;NULL;5% DEXTROSE OGB SATORIA 500 ML;BTL;GKL 1742600149A1;NULL;NULL;3
513;107;NULL;ALLOPURINOL 300 MG TAB SELES;BOX;GKL 1436704404A1;NULL;NULL;23
514;107;NULL;ALLOPURINOL 100 MG TAB SELES;BOX;GKL1536704404B1;NULL;NULL;23
516;107;NULL;DEXAMETHASONE 0,5 MG 100 TAB;BOX;GKL 08036708904A1;NULL;NULL;23
517;107;NULL;COTRIMOXAZOLE 480 SELES;BOX;GKL1336704204A1;NULL;NULL;23
518;107;NULL;DOMPERIDONE 100 TAB;BOX;GKL 1736705410A1;NULL;NULL;23
519;107;NULL;METHYLPREDNISOLONE 4 SELES;BOX;GKL1736706010A1;NULL;NULL;23
520;107;NULL;AMOXICILLIN TRIHYDRATE KAPLET 500 MG SELES BOX 100;BOX;GKL1336703904A1;NULL;NULL;23
521;107;NULL;PREDNISONE 5 MG SELES 100 TAB;BOX;NULL;NULL;NULL;23
522;107;NULL;ANTASIDA DOEN SELES;BOX;GBL1136702963A1;NULL;NULL;23
523;107;NULL;MEFENAMIC ACID 500 MG 100 KAP SELES;BOX;GKL1536704404B1;NULL;NULL;23
524;107;NULL;TABLET TAMBAH DARAH 100 TAB SELES;BOX;GBL 2236706416A1;NULL;NULL;23
528;108;NULL;IMBOOST KIDS SYR 60 ML;BTL;POM SD 071632241;NULL;NULL;9
532;109;25302;SOLDEXTAM;BOX;DKL0033400704A1;NULL;NULL;8
534;106;NULL;SENDOK SYRUP 2,5-5 ML PLASTIK;PAK/500;NULL;NULL;NULL;10
537;111;NULL;MINYAK TAWON DD 30 ML;BTL;POM QD 183616551;NULL;NULL;21
538;111;NULL;MINYAK TAWON CC 20 ML;BTL;POM QD 183616551;NULL;NULL;21
542;115;363891;DEXAMETHASONE 0,5 MG - TAB BOX/ 100 TRIFA;BOX;GKL2325806510A1;NULL;NULL;8
543;115;31855;METAMIZOLE SOD 500 MG BOX 100 CPL;BOX;GKL 1825804504A1;NULL;NULL;8
544;115;363303;MEFENAMIC ACID 500MG KAPL TRIFA;BOX;GKL 2225806104A1;NULL;NULL;8
546;107;NULL;METAMIZOLE 500 MG;BOX;GKL1436704504A1;NULL;NULL;23
547;115;363889;KALDIFEN TAB BOX (KALIUM DIKLOFENAK ) 50 TAB;BOX;GKL2225805910A1;NULL;NULL;8
550;115;365496;DOMPERIDON 10 MG BOX 100 TAB;BOX;NULL;NULL;NULL;4
551;118;NULL;FRESH CARE PRESS & RELAX STRONG;BTL;POM QD 212694081;NULL;NULL;9
552;118;NULL;FRESH CARE AROMATHERAPY 10 ML;BTL;POM QD 202684711;NULL;NULL;9
553;118;NULL;HOTIN CREAM STRONG TUBE 60ML;TUBE;POM QD 192717691;NULL;NULL;9
554;118;NULL;HOTIN CREAM STRONG TUBE 120 ML;TUBE;POM QD 192717691;NULL;NULL;9
555;118;NULL;HOTIN CREAM TUBE 60 GR;TUBE;POM QD 143712951;NULL;NULL;9
557;118;NULL;FRESH CARE GREEN TEA;BTL;POM QD 212608831;NULL;NULL;9
558;118;NULL;FRESH CARE LAVENDER;BTL;POM QD 212608851;NULL;NULL;9
564;121;18851;BIONAL TABLET;BOX;DBL 8927908117A1;NULL;NULL;32
566;121;32355;PULAREX TAB (ACTIVATED ATTAPULGITE);BOX;DBL 2027915763A2;NULL;NULL;32
567;121;19408;TRIOCID 100 BOX;BOX;DKL 9927911004A1;NULL;NULL;32
568;121;24236;TRIOCID SYRUP;BTL;DBL 9927911133A1;NULL;NULL;32
569;121;10028;ZEMOXIL 500 TAB;BOX;DKL 9927911004A1;NULL;NULL;32
570;121;17468;ZEMOXIL DRY SYRUP;BTL;DKL 8727904438B1;NULL;NULL;32
571;121;24471;ZENSODREM CREAM;TUBE;DKL 0427912329A1;NULL;NULL;32
572;121;17594;ZETAMOL SYRUP;BTL;DBL 8527900237A1;NULL;NULL;32
573;121;16764;COLDREXIN PILEK DAN DEMAM;BTL;DTL 1427914237A1;NULL;NULL;32
574;121;19471;COLDREXIN SYRUP;BTL;DTL 7627912933A1;NULL;NULL;32
575;121;32949;FLEGMA SYRUP;BTL;DKL 1900916337A1;NULL;NULL;32
576;121;17704;EKACETOL SYRUP;BTL;DBL 8500900337A1;NULL;NULL;32
577;121;28097;EKACETOL 500 KAPLET;BOX;DBL 9400912504A1;NULL;NULL;32
578;121;35528;CELEFA CREAM 5 GR;TUBE;DKL 2000916429A1;NULL;NULL;32
579;121;28107;BUFIRON CAPSUL;BOX;POM SD 211316151;NULL;NULL;32
581;121;18252;ALVITA TAB;BOX;DKL 8527902504A1;NULL;NULL;32
582;121;17593;ZETAMOL TAB 650;BOX;DBL 1827915404A1;NULL;NULL;32
583;121;18394;ANTIMAB TABLET;BOX;NULL;NULL;NULL;32
584;121;16135;ZENTARIN SUSPENSI;BTL;DTL 1327913933A1;NULL;NULL;32
586;121;NULL;ALLERZEN SYRUP;BTL;DTL 2127915837A1;NULL;NULL;32
587;121;11257;PRIMAVON SYRUP;BTL;DKL 9927910933A1;NULL;NULL;32
588;121;20489;PRIMAVON KAPLET;BOX;DKL 8527902204A1;NULL;NULL;32
589;121;18198;PRIMAVON FORTE;BOX;NULL;NULL;NULL;32
590;121;18150;FENAMIN 500;BOX;DKL 8627903309A1;NULL;NULL;32
591;121;22354;COLDREXIN EXP-PILEK;BTL;DTL 1327914037A1;NULL;NULL;32
592;121;28095;BUFACARYL TAB;BOX;DKL0600914704A1;NULL;NULL;32
593;57;NULL;MECOBALAMIN 500 MCG INJ INFION;BOX;GKL 1840811643A1;NULL;NULL;30
594;57;NULL;RENERO 5000 INFION;BOX;DKL 2040814043A1;NULL;NULL;30
596;96;NULL;SALICYL SPIRITUS USFI 50 ML;BTL;POM QD 172615721;NULL;NULL;4
599;97;NULL;CLINDAMYCIN 150 MG 100 CAPS;BOX;GKL 1826012601B1;NULL;NULL;4
600;112;NULL;KETOCONAZOLE CREAM SCAN 10 GR;TUBE;GTL 1722726329A1;NULL;NULL;4
601;95;NULL;AMLODIPINE BESILATE 5 MG /10 X 10 TAB'S;BOX;NULL;NULL;NULL;6
602;95;NULL;AMLODIPINE BESILATE 10 MG BLISTER 100'S;BOX;NULL;NULL;NULL;6
606;22;NULL;COCOA BUTTER GC;TUBE;NULL;NULL;NULL;37
607;74;NULL;KSR CPL 100S;BOX;DKL0315807797A1;NULL;NULL;6
609;67;NULL;TABLET TAMBAH DARAH 100 TAB MARIN;BOX;NULL;NULL;NULL;4
611;75;NULL;CALCIUM CARBONATE 500 KAP MERSI 30 TAB;BOX;POM SD 201578381;NULL;NULL;30
612;92;NULL;BENZATIN BENZIL PENICILLIN 2,4;BOX;GKL 9619918044B1;NULL;NULL;3
613;94;NULL;BEDAK SALICYL 2% 60 GR PUTIH PIM;POT;NA 18170400304;NULL;NULL;45
614;94;363024;ALLOPURINOL 100 MG STRIP 10/10 TAB PIM;BOX;GKL 2118908410A1;NULL;NULL;45
615;94;22912;PARACETAMOL SYR OGB 60 ML PIM;BTL;GBL 0334002437A1;NULL;NULL;45
616;94;20940;CTM STRIP @24/12TAB PIM;PACK;DTL 7218907010A1;NULL;NULL;45
617;94;NULL;ALKOHOL 70% 300 ML PIM;BTL;PKD 20501510132;NULL;NULL;45
618;94;NULL;ALKOHOL 70% 100 ML PIM;BTL;PKD 20501510132;NULL;NULL;45
619;19;18396;ANTIZA DRAGEE 10'S;BOX;DTL8804202109A1;NULL;NULL;24
620;5;NULL;ARTOCEF 500MG (CEFADROXIL CAP);BOX;DKL 2101605001A1;NULL;NULL;44
621;5;NULL;RESTOP SIRUP 60 ML (ZINK SYRP);BTL;NULL;NULL;NULL;44
622;5;NULL;ARFLAM 50 (DICLOFENAK POTASIUM) 100 TAB;BOX;NULL;NULL;NULL;44
623;84;NULL;BISOPROLOL FUMARATE 2,5 MG OGB BETA;BOX;NULL;NULL;NULL;44
624;84;NULL;ATORVASTATIN 10 MG OGB BETA 100 TAB;BOX;GKL 1740502317A1;NULL;NULL;44
626;90;NULL;NEUROBION CT 50'S NEW;BOX;DBL7215806416B1;NULL;NULL;9
627;90;NULL;NEUROBION FORTE CT 50'S;BOX;DBL9615806416A1;NULL;NULL;9
628;105;NULL;POTASIUM CHLORIDE 7,46% 25 ML SATORIA;BTL;GKL 2042601143A1;NULL;NULL;49
629;25;NULL;BISOPROLOL FUMARATE TAB 2.5 MG;BOX;GKL 1905032417B1;NULL;NULL;1
630;66;NULL;SALBUTAMOL SULFATE 2,5 MG/2,5 ML MAHAKAM;BOX;GKL 2113714668A1;NULL;NULL;30
635;17;NULL;FUJI IX GP 1-1 EXTRA A3;BOX;NULL;NULL;NULL;37
637;62;NULL;OXYTETRACYCLIN 3% SK KF;TUBE;GKL 9832300830A1;NULL;NULL;3
640;61;NULL;MIXAGRIP FLU & BATUK PE;BOX;DTL1604429504A1;NULL;NULL;5
641;61;NULL;MIXAGRIP FLU KAPLET 25X4;BOX;DTL0404424004A1;NULL;NULL;5
642;61;32915;PROMAG SUSPENSI BTL 60 ML;BTL;DBL1111641033A3;NULL;NULL;5
643;61;1272;PROMAG TAB;BOX;DBL9111601963AI;NULL;NULL;5
644;1;17699;DUMIN RECTAL TUBE 125 MG/2,5 ML;BOX;DBL0105510758A1;NULL;NULL;1
646;52;NULL;CEFADROXYL 125 MG DRY SYRUP IFARS;BTL;GKL 0902918801A1;NULL;NULL;39
647;52;NULL;CIPROFLOXACIN 500 MG KAPLET 10X10 IFARS;BOX;GKL 9909210609A1;NULL;NULL;39
648;52;NULL;COTRIMOXAZOLE SUSPENSI IFARS;BTL;GKL 0809217433A1;NULL;NULL;39
649;52;NULL;STARLAX SYRUP IFARS (LACTULOSE SYR);BTL;DBL 1809225137A1;NULL;NULL;39
651;79;NULL;EC-VITAMIN B12 50 MG TAB NOVA;BOX;NULL;NULL;NULL;16
652;79;NULL;EC-LORATADINE TAB NOVA;BOX;GKL 1834012110A1;NULL;NULL;16
653;79;NULL;EC-CETIRIZINE HCL SYR;BTL;GKL 2034013437A1;NULL;NULL;16
654;79;NULL;EC-ONDANSENTRON HCL 4 MG NOVA;BOX;GKL 2034013917A1;NULL;NULL;16
655;79;NULL;EC-ONDANSENTRON HCL 8 MG NOVA;BOX;GKL 2034013917B1;NULL;NULL;16
656;79;NULL;EC-CALCIUM LACTAT NOVA;BOX;POM SD 201522431;NULL;NULL;16
657;79;NULL;EC-OMEPRZOLE KAPSUL 100 TAB NOVA;BOX;GKL 0934008503A1;NULL;NULL;16
658;79;NULL;EC-CETIRIZINE HCL TABLET;BOX;GKL 2034014117A1;NULL;NULL;16
659;79;NULL;EC-SIMVASTATIN 20 TAB NOVA;BOX;GKL 1934013017B1;NULL;NULL;16
660;79;NULL;EC-VITAMIN B KOMPLEK 100 TAB NOVA;BOX;POM SD 151547691;NULL;NULL;16
668;79;21533;EC-PARACETAMOL 500 MG NOVA;BOX;GBL 0434004904A2;NULL;NULL;16
669;79;NULL;EC-MEFENAMIC ACID 500 MG NOVA;BOX;GKL 0734007609A1;NULL;NULL;16
670;79;NULL;EC- CHLORPHENAMINE MALEATE TAB NOVA;BOX;GTL 0334003110A1;NULL;NULL;16
672;75;NULL;FUROSEMID INJEK 25 AMPUL MERSI;BOX;GKL 1833316143A1;NULL;NULL;8
675;26;NULL;IOPAMIRO 370/50 ML;BTL;DKI2110400343B1;NULL;NULL;9
676;26;NULL;IOPAMIRO 370/100 ML;BTL;DKI2110400343B2;NULL;NULL;9
681;11;23761;FLUNARIZINE HCL 10 MG TAB BERNO;BOX;GKL2002336610B1;NULL;NULL;26
683;25;NULL;RISPERIDONE 1 MG BOX 100 TAB DEXA;BOX;GKL 0505038917A1;NULL;NULL;1
684;25;21138;LISINOPRIL 10 MG TAB (BOX/100) DEXA;BOX;GKL1405047810B1;NULL;NULL;1
685;88;NULL;OGB NATRIUM CHLORIDA 500 ML OTSU;BTL;GKL2218709149A1;NULL;NULL;12
686;88;NULL;OGB RINGER LACTAT 500 ML OTSU;BTL;GKL2118708749A1;NULL;NULL;12
687;75;NULL;LEVOFLOXACIN HAMIHYDRATE INFUS 500 ML;BTL;GKL 1933316749A1;NULL;NULL;30
688;25;12154;VECTRINE DRY SYRUP;BTL;DKL0205030938A1;NULL;NULL;1
689;25;NULL;RESPIVENT SOLUTION FOR INHALATION BOX/10;BOX;DKI 1848500268A1;NULL;NULL;1
693;79;NULL;EC-AMLODIPIN BESILATE 10 MG TAB NOVA;BOX;GKL 1834011910B1;NULL;NULL;16
694;79;NULL;EC- KETOCONAZOLE TAB NOVA;BOX;GKL 0534005310A1;NULL;NULL;16
695;79;NULL;EC- DEXAMETHASONE 0.5 MG TAB NOVA;BOX;GKL 0734007810A1;NULL;NULL;16
696;79;NULL;EC-PARACETAMOL SYRUP NOVA;BTL;GBL 0334002437A1;NULL;NULL;16
697;79;NULL;EC-METRONIDAZOLE 500 TABLET DUS NOVA;BOX;GKL 093400810B1;NULL;NULL;16
698;79;NULL;EC-GUAIFENESIN TAB DUS NOVA;BOX;GTL 0434004010A1;NULL;NULL;16
699;90;NULL;VICKS VAPORUB 25 GR;PCS;NULL;NULL;NULL;6
700;25;NULL;DILTIAZEM 30 MG 100 TAB DEXA;BOX;GKL9005007310A1;NULL;NULL;1
701;82;NULL;SILDENAFIL CITRATE 100 MG 4X1'S NU LAB;BOX;GKL 2043006917B1;NULL;NULL;2
702;79;NULL;EC- TETRACYCLINE HCL 250 KAPSUL DUS NOVA;BOX;GKL 0734007501A1;NULL;NULL;16
703;79;NULL;EC- LOPERAMIDE TABLET DUS;BOX;GKL 1934012510A1;NULL;NULL;16
704;79;36047;EC-ZINC SULFATE MONOHYDRATE 20 TAB NOVA;BOX;GTL 2030401378A1;NULL;NULL;16
705;79;NULL;EC-CHLORAMPHENICOL 250 KAPSUL NOVA;BOX;GKL 0434003401A1;NULL;NULL;16
706;79;24007;EC-VITAMIN B1 50 MG TABLET NOVA;BOX;NULL;NULL;NULL;16
707;79;NULL;EC-GRISEOFULVIN 125 MG TAB NOVA;BOX;GKL 1634011010A1;NULL;NULL;16
708;79;NULL;EC- ASAM FOLAT 1 MG NOVA;BOX;POM SD 181553691;NULL;NULL;16
709;79;NULL;EC- DOMPERIDONE MALEATE TAB NOVA;BOX;GKL 1234010410A1;NULL;NULL;16
710;79;31766;EC- AMLODIPINE BESYLATE 5 MG TAB;BOX;NULL;NULL;NULL;16
711;75;NULL;RANITIDINE 150 MG TAB BOX/100 MERSI;BOX;GKL 1733314217A1;NULL;NULL;8
712;62;NULL;KETOCONAZOLE 2% CREAM KF;TUBE;GTL 2232303029A1;NULL;NULL;3
715;82;NULL;PIRACETAM 1200 MG NU LAB 100 KAP;BOX;NULL;NULL;NULL;2
716;75;NULL;ISOFLURANE 250 ML MERSI;BTL;GKL2033317068A1;NULL;NULL;12
717;35;28121;AMINOPHYLLINE INJ 24 MG/24'S ETICHA;BOX;GKL0106709743A1;NULL;NULL;6
720;30;NULL;GENTAMICIN SULFATE SALEP KULIT 5GR ERELLA;TUBE;GKL 1406315730A1;NULL;NULL;2
721;79;NULL;EC- SIMVASTATIN 10 MG TAB NOVA;BOX;GKL 1934013017A1;NULL;NULL;16
722;79;NULL;EC- IBUPROFEN 200 TAB DUS;BOX;GTL 0934008817A1;NULL;NULL;16
727;118;NULL;HOTIN CREAM TUBE 120 GR;PCS;POM QD 143712951;NULL;NULL;25
728;118;NULL;FRESH CARE STRONG 10 ML;PCS;POM QD 212633761;NULL;NULL;25
729;118;NULL;FRESH CARE SMASH 8 ML;PCS;POM QD 236020821;NULL;NULL;25
731;88;NULL;OTSU D10-1/5 NS;BTL;DKL 0318706449A1;NULL;NULL;30
734;78;NULL;BETADINE KUMUR 100 ML;BTL;DTL 7413700640B1;NULL;NULL;4
735;94;18166;PIMACOLIN MILK 60 ML;BTL;DTL 9918906237A1;NULL;NULL;45
741;25;NULL;MODEXA NASAL SPRAY 140 (BOX/1);BOX;NULL;NULL;NULL;1
742;25;NULL;METFORMIN 850 MG DEXA;BOX;NULL;NULL;NULL;1
743;25;NULL;SALBUTAMOL SOL 1 MG/ML DEXA;BOX;GKL1705058868A1;NULL;NULL;1
744;79;NULL;EC-DICLOFENAK SODIUM 50 TABLET DUS NOVA;BOX;GKL 2134014415A1;NULL;NULL;16
745;84;NULL;ATORVASTATIN 20 MG OGB BETA 100'S;BOX;NULL;NULL;NULL;44
747;100;NULL;CEFTRIAXONE SODIUM 1 GR 10 VIAL RAMA;BOX;GKL 1728914644A1;NULL;NULL;42
752;25;29199;VOMETA SYR 1MG/ML X 60 ML;BTL;DKL 9405013733A1;NULL;NULL;1
754;25;NULL;MERTIGO SR TAB (BOX/100);BOX;DKL 0805043314A1;NULL;NULL;1
755;25;11172;MERTIGO TAB 6 MG @100 TAB;BOX;DKL 9505016510A1;NULL;NULL;1
757;75;NULL;HEXYMER 2 MG TAB;BOX;DKL 9933301710A1;NULL;NULL;8
762;25;NULL;REDACID KAPLET (BOX/30);BOX;POM FF 202500831;NULL;NULL;1
763;25;NULL;INLACIN KAPSUL 50 MG (BOX/30);BOX;POM FF 152300611;NULL;NULL;1
764;25;NULL;VOMETA DROPS 5 MG/ML X 10 ML;BTL;DKL 9605019336A1;NULL;NULL;1
770;25;NULL;BUDESMA SUSPENSI BUDESONIDE 0,25MG/ML ( BOX/20 AMPL);BOX;DKI 1848500168A1;NULL;NULL;1
771;88;NULL;OGB D5 1/2 NS OTSU;BTL;NULL;NULL;NULL;30
772;88;NULL;OGB D5 1/4 NS OTSU;BTL;NULL;NULL;NULL;30
773;11;NULL;BIOLYSIN SYR 60 ML;BTL;POMSD051620051;NULL;NULL;4
774;79;NULL;EC- AMOXICILLIN TRIHYDRATE 500 MG KAPLET DUS NOVA;BOX;GKL 0634006938A1;NULL;NULL;16
775;75;NULL;LODOMER INJEKSI 5 MG;BOX;DKL 0233304143A1;NULL;NULL;8
782;25;NULL;VOMETA FT 10 MG (BOX/50);BOX;DKL 0405036982A1;NULL;NULL;1
783;25;NULL;BUDESMA SUSPENSI BUDESONIDE 0,5MG/ML (BOX/20 AMPUL);BOX;DKI 1848500168B1;NULL;NULL;1
784;67;NULL;FOLIC ACID 1 MG MARIN BOX 100 TAB;BOX;NULL;NULL;NULL;4
785;79;NULL;EC- IBUPROFEN 400 TABLET DUS NOVA;BOX;GKL 0934008817B1;NULL;NULL;16
786;79;NULL;EC- CHLORAMPHENICOL PALMITATE SUSPENSI;BTL;NULL;NULL;NULL;16
787;14;NULL;DULCOLAX 5 MG ECT 20X4'S;BOX;DTL1821207915A1;NULL;NULL;6
788;37;NULL;ACYCLOVIR 400 MG TAB 50'S FAH;BOX;GKL 1132703710B1;NULL;NULL;9
791;11;11673;CEFADROXIL 500 MG KAP @100;BOX;GKL 0302332701A1;NULL;NULL;26
792;88;NULL;OTSU SALIN 3 (3% SODIUM CHLORIDE) 500 ML;BTL;DKL 0138700749A2;NULL;NULL;12
793;92;NULL;PHYTOMENADIONE 10 MG INJ @100 AMPUL;BOX;GKL 8919908943A1;NULL;NULL;3
799;109;24418;LODECON KAPLET;BOX;DTL0033401404A1;NULL;NULL;8
800;25;NULL;GLIQUIDONE 30 MG TAB;BOX;GKL0305034610A1;NULL;NULL;1
805;79;NULL;EC- GRISEOFULVIN 500 MG TAB NOVA;BOX;GKL 2134011010B1;NULL;NULL;16
806;79;NULL;EC- DOMPERIDONE SUSP NOVA;BTL;GKL 1134010233A1;NULL;NULL;16
807;88;NULL;OTSU STERIL WATER IRIGATION 1 L;BTL;DKL 9218702649A1;NULL;NULL;30
808;88;NULL;OTSU OGB MANITOL 500 ML;BTL;DKL 0318701349A1;NULL;NULL;30
810;105;NULL;NACL 0,9% 500 ML SATORIA;BTL;GKL1742600549A1;NULL;NULL;49
811;105;NULL;RINGER LACTAT 500 ML SATORIA;BTL;GKL1742600349A1;NULL;NULL;49
812;52;NULL;CEFADROXIL KAPSUL 500 IFARS;BOX;GKL 0909218801A1;NULL;NULL;39
816;11;NULL;SODIUM VALPROATE 250 MG/5 ML SYR 100 ML BERNO;BTL;GKL1702356437A1;NULL;NULL;26
817;77;NULL;ANTASIDA DOEN STRIP - MULIA;BOX;NULL;NULL;NULL;50
818;77;NULL;ACICLOVIR 50 MG 5 GR-MULIA;TUBE;NULL;NULL;NULL;50
819;77;NULL;ACETYLCYSTEINE 200 MG KAP STRIP- MULIA;BOX;GTL 2116712401A1;NULL;NULL;50
820;77;NULL;SALBUTAMOL SULFATE 2 MG- MULIA;BOX;GKL 1916710510A1;NULL;NULL;50
821;77;NULL;SALBUTAMOL SULFATE 4 MG- MULIA;BOX;GKL 1916710510B1;NULL;NULL;50
822;77;NULL;ATORVASTATIN 20 MG STRIP (5X6 KAP) - MULIA;BOX;GKL 1616704009A1;NULL;NULL;50
825;75;NULL;METRONIDAZOLE 500MG/100 ML MERSI;BTL;GKL 1833316249A1;NULL;NULL;30
827;51;35858;ALLOPURINOL 300 MG TAB (BOX/100 TAB) HOLI;BOX;GKL 1917105910B1;NULL;NULL;51
828;51;11884;ALLOPURINOL 100 MG (BOX/100 TAB) HOLI;BOX;GKL 9187105910A1;NULL;NULL;51
829;51;NULL;AMBROXOL HCL TABLET (BOX/100 TAB) HOLI;BOX;NULL;NULL;NULL;51
830;51;35859;ZINC 20 MG DISPERSIBLE TAB (BOX/100 TAB) HOLI;BOX;GTL 1917113881A1;NULL;NULL;51
831;51;NULL;CEFTRIAXONE 1 GR 10 VIAL HOLI;BOX;NULL;NULL;NULL;51
832;51;NULL;CEFOTAXIME 1 GR 10 VIAL HOLI;BOX;GKL 1217111144B1;NULL;NULL;51
833;11;NULL;TRAMADOL 100/2 INJ @100 AMPUL BERNO;BOX;GKL0402336943A1;NULL;NULL;26
835;105;NULL;INFUS DEXTORSE 10% 500 ML SATORIA;BTL;GKL 1742600149B1;NULL;NULL;49
836;105;NULL;INFUS SODIUM CHLORIDE 0,9% 100 ML SATORIA;BTL;GKL 1742600549A2;NULL;NULL;49
837;79;NULL;EC- AMOXICILLIN TRIHYDRATE SYRUP KERING 125 MG NOVA;BTL;GKL 0634006938A1;NULL;NULL;16
838;79;NULL;EC- PREDNISONE TAB DUS NOVA;BOX;GKL 0434005210A1;NULL;NULL;16
843;30;30501;AMBROXOL 15 MG/ML SYRUP 60 ML ERELA;BTL;GKL1106313037A1;NULL;NULL;2
845;15;NULL;SILOXAN 5 ML;BTL;DKL 7803816146A1;NULL;NULL;2
846;15;NULL;CENDO XYTROL E O 3,5 GRAM;TUBE;DKL7203809746A1;NULL;NULL;2
849;15;13959;CENDO P.PRED 5 ML;BTL;DKL 0903812746A1;NULL;NULL;2
851;35;33957;KETAMINE HYDROCHLORIDE 50 MG INJ 5@@10 ML ETHICA;BOX;GKL 1806717243A1;NULL;NULL;2
852;100;34995;ACICLOVIR CREAM 5 GR RAMA;TUBE;GKL 1928916929A1;NULL;NULL;42
853;100;20456;PARACETAMOL 500 MG RAMA;BOX;GBL 9628902604A2;NULL;NULL;42
854;11;15184;AMBROXOL 15 MG ELIXIR BERNO;BTL;GKL 1102343934A1;NULL;NULL;26
855;15;NULL;CENDO TOBROSON 5 ML;BTL;DKL0203808346A1;NULL;NULL;2
857;107;NULL;AMBROXOL HCL TAB SELES;BOX;GKL 1036702810A1;NULL;NULL;23
860;100;NULL;METHYLPREDNISOLONE 8 MG TAB RAMA;BOX;GKL 1928916110B1;NULL;NULL;42
861;92;NULL;METHYLPREDNISOLONE SERB INJ 125 MG PHAPROS;BOX;NULL;NULL;NULL;3
862;28;NULL;EASY TOUCH GLUCOSA STRIPS 50'S;BOX;NULL;NULL;NULL;11
863;28;NULL;EASY TOUCH URIC ACID STRIP 25'S;BOX;NULL;NULL;NULL;11
866;107;NULL;METRONIDAZOLE 500 MG SELES;BOX;GKL 1536702004B1;NULL;NULL;23
867;75;NULL;TRAMADOL HCL INJ BOX/5 AMPL MERSI;BOX;GKL 1333310743A1;NULL;NULL;8
868;31;NULL;CAPTOPRIL 25 MG ERITA BOX 100 TAB;BOX;GKL 1106506310A1;NULL;NULL;4
869;25;28354;CAPTROPIL 12,5 MG DEXA BOX 100 TAB;BOX;GKL 9705023010A1;NULL;NULL;4
870;15;NULL;CENDO LYTEERS 0,6 ML @5'S MINIDOSE;STP;DBL7603810046A1;NULL;NULL;2
871;15;NULL;CENDO FLOXA 0,6 ML @ 5'S MINIDOSE;STP;DKI 020380924GA1;NULL;NULL;2
873;77;NULL;MICONAZOLE NITRATE 2% 10 GR;TUBE;GTL 1716707329A1;NULL;NULL;50
874;77;NULL;HYDROCORTISON 2,5% MULIA;TUBE;GKL 1816709229A1;NULL;NULL;50
875;77;NULL;EPERISON HCL 50 MG (BOX/50 TAB) MULIA;BOX;GKL 1716706217A1;NULL;NULL;50
877;77;NULL;SIMVASTATIN 20 MG 10X10 - MULIA;BOX;GKL 1816708517A1;NULL;NULL;50
878;88;NULL;OTSU KAEN 3B (SOFT BAG);SOFT BAG;DKL 9218703149A2;NULL;NULL;30
879;115;361833;AMLODIPINE 10 MG -KAP BOX/100 TRIFA;BOX;GKL2125805404A1;NULL;NULL;8
881;79;NULL;EC- AMOXICILLIN TRIHYDRATE 250 KAPSUL NOVA;BOX;NULL;NULL;NULL;16
884;116;NULL;DOMPERIDON 10 MG BLISTER 100 TAB TRIMAN;BOX;GKL 1625904210A1;NULL;NULL;4
885;35;NULL;RANITIDINE HCL INK 50MG 100 AMPUL @2ML ETHICA;BOX;GKL 1833315643A1;NULL;NULL;2
886;35;28178;METOCLORPRAMIDE HCL INJ 5MG/ML 6 AMPUL@2ML ETHICA;BOX;GKL1706716743A1;NULL;NULL;2
887;35;14176;TRANEX ACID INJ 50 AMPL @5 ML ETHICA;BOX;GKL 0906714043A1;NULL;NULL;2
889;15;22204;CENDO PANTOCAIN 2% 5 ML;BTL;DKL7603806246C1;NULL;NULL;2
890;61;NULL;RHEU-TREX 5 STRIP@10 KAPLET;BOX;DKL1704429910A1;NULL;NULL;5
891;58;NULL;THEOBRON 10 AMPLOP @4CAP;BOX;DTL9137608101A1;NULL;NULL;2
892;30;NULL;CAVIPLEX CDEZ KAP-BOX/100;BOX;POM SD 201556791;NULL;NULL;8
896;25;NULL;INLACIN KAPSUL 100 MG (BOX/30);BOX;POM FF 152 300 621;NULL;NULL;1
898;25;NULL;PSIDII CAPSUL 500MG @50;BOX;POM HT 142300431;NULL;NULL;1
899;95;NULL;CLOPIDOGREL BISULFATE BOX/100 TAB;BOX;GKL 1939204517A1;NULL;NULL;6
900;90;NULL;SANGOBION KIDS 100 ML NEW;BTL;POM SD 101640501;NULL;NULL;6
901;11;34563;PHYTOMENADIONE 2 MG/ML INJEKSI BRNO;BOX;GKL1602352043A1;NULL;NULL;26
902;107;NULL;METHYLPREDNISOLONE 8 MG BOX/100 SELES;BOX;GKL1736706010B1;NULL;NULL;23
903;52;NULL;LANSOPRAZOLE KAPSUL 5X10 IFARS;BOX;GKL 0709216903A1;NULL;NULL;39
904;4;361909;SILDENAFIL CITRATE 50 MG AMAROX BOX/4;BOX;GKL2143502017B1;NULL;NULL;9
906;92;NULL;GEMFIBROZIL 300 MG PPS BOX 100 CAPS;BOX;GKL 0319925301A1;NULL;NULL;4
908;79;NULL;EC- METHYLPEDNISOLONE 4 TABLET DUS NOVA;BOX;NULL;NULL;NULL;16
909;79;NULL;EC- VITAMIN C 250 KAPSUL DUS NOVA;BOX;POM 201368951;NULL;NULL;16
910;19;19543;ULTILOX SYR 150 ML;BTL;DBL9004205033A1;NULL;NULL;8
911;19;19545;ULTILOX FORTE SYR 150 ML;BTL;DBL9004205033B1;NULL;NULL;8
917;35;28160;KETOROLAC INJ 30MG /100 AMPUL ETHICA;BOX;GKL 0906714243B1;NULL;NULL;6
920;51;NULL;AMOXICILLIN FORTE 250MG/5ML;BTL;GKL 1017109938B1;NULL;NULL;51
921;51;29912;CETIRIZINE SYR HOLI;BTL;GTL 1817112837A1;NULL;NULL;51
922;51;NULL;PROPANOLOL 40 MG BOX/100 TAB HOLI;BOX;GKL 9817103910A1;NULL;NULL;51
923;107;NULL;PIROXICAM 20 MG SELES BOX/100 CAPSUL;BOX;GKL1136703201A1;NULL;NULL;23
926;101;NULL;ROHTO COOL 7 ML;BTL;DTL 1140000346A1;NULL;NULL;25
927;18;NULL;MALTOFER SYR/BTL 150 ML;BTL;NULL;NULL;NULL;6
929;35;36030;ONDANSENTRON HCL DYHIDRATE INJ 4MG 100 AMPUL@2ML ETHICA;BOX;GKL 1706716743A1;NULL;NULL;2
930;35;29946;KETAMINE HYDROCHLORIDE 100 MG INJEKSI 5 AMPL @10 ML;BOX;GKL1806717243B1;NULL;NULL;2
931;64;NULL;MICROGEST 100 @15X2'S BLISTER;BOX;NULL;NULL;NULL;2
934;107;NULL;EC- PIROXICAM 20 MG SELES;BOX;GKL1136703201A1;NULL;NULL;23
936;107;NULL;EC- GUAIFENESINE SELES;BOX;GTL 113670311A1;NULL;NULL;23
939;4;365245;GABAPENTIN 100MG 30 CAPS AMAROX;BOX;GKL244350440141;NULL;NULL;9
941;30;30491;ENBATIC CREAM;BOX;DKL92063088130A1;NULL;NULL;8
942;25;NULL;CEFIXIME DRY SYR 600MG/30 ML DEXA;BTL;NULL;NULL;NULL;1
943;62;NULL;ACICLOVIR 200 MG (DUS 100 TAB) KF;BOX;GKL9812415010A1;NULL;NULL;3
945;115;363995;AMBROXOL 30 MG TAB TRIFA;BOX;GKL 2325806610A1;NULL;NULL;8
947;25;28356;CAPTOPRIL 50MG @100TAB DEXA;BOX;GKL970502301061;NULL;NULL;1
948;1;17698;DUMIN RECTAL 250MG (BOX/5);BOX;DBL0105510758B1;NULL;NULL;1
949;24;25943;GRISEOFULVIN TAB'S 500 MG 100'S;BOX;GKL 1604526310A1;NULL;NULL;6
950;24;NULL;SULFADIAZINE SILVER DARYA VARIA;TUBE;GKL1504523929A1;NULL;NULL;6
951;18;34565;PERMETHRINE CREAM COMBIPHAR;TUBE;GKL2004135529A1;NULL;NULL;6
952;18;NULL;ZINCPRO DROPS 15 ML;BTL;DTL1104132436A1;NULL;NULL;6
953;11;22961;CEFIXIME 100MG/5ML DRY SYR BERNO;BTL;GKL1002342538A1;NULL;NULL;26
954;41;NULL;CALADINE LOTION 60 ML;BTL;NA 1818010224;NULL;NULL;5
959;3;NULL;H2O2 3% HYDROGEN 100 ML;BTL;PKD 20501811944;NULL;NULL;22
962;34;NULL;PERMETHRIN KRIM 5% ETERCONE TUBE 15 GR;TUBE;NULL;NULL;NULL;4
963;77;NULL;BABY COUGH PACDIN STRAWBERRY SYR 60 ML;BTL;DTL 1616703937A2;NULL;NULL;4
965;77;NULL;BETAMETHASONE DIPROPIONATE 5 MG;TUBE;GKL 2116712229A1;NULL;NULL;50
966;77;NULL;SIMVASTATIN 10 MG 10X10 STRIP MULIA;BOX;GKL 1316702710A1;NULL;NULL;50
967;107;NULL;METHYLPREDNISOLONE 16 SELES 100 TAB;BOX;GKL1736706010C1;NULL;NULL;23
968;107;NULL;CETIRIZINE HYDROCLORIDE 100 TAB SELES;BOX;NULL;NULL;NULL;23
969;115;19446;CTM 4 MG BOX/100 TAB TRIFA;BOX;GTL 1925805010A1;NULL;NULL;8
978;17;NULL;TKF / TRICRESOLFORMALINA 10 ML;PCS;NULL;NULL;NULL;14
986;17;NULL;GLASS PLATE;PCS;NULL;NULL;NULL;14
987;22;NULL;CEIVITRON;BOX;NULL;NULL;NULL;11
992;24;12115;FRAMYCETIN SULFATE;BOX;GKL1504524051A1;NULL;NULL;6
993;30;30502;CETIRIZINE HCL SYRUP 5 MG/5 ML @60 ML OGB;BTL;NULL;NULL;NULL;2
994;72;NULL;TRANSPULMIN BABY BLSM 10 G;TUBE;POM QD 171715251;NULL;NULL;5
996;61;NULL;LIPROLAC VANILLA 30 SACHET;BOX;POM SI 144204861;NULL;NULL;5
997;27;NULL;SUTRA 003 2S;BOX;AKL 21104320527;NULL;NULL;8
998;62;NULL;SALBUTAMOL 2 MG DUS 100 TAB KF;BOX;GKL2144402601A1;NULL;NULL;3
999;19;23291;DEMACOLIN SYRUP 60 ML;BTL;DTL7204217010A1;NULL;NULL;24
1000;19;10553;CROFED SYRUP;BTL;DTL9504210837A1;NULL;NULL;24
1002;121;NULL;CALFASINE SYR 60 ML;BTL;POM SD 151647291;NULL;NULL;32
1003;3;NULL;SALEP 2-4 15 GR;POT;POM QD191717141;NULL;NULL;22
1006;44;NULL;FLUCADEX BOX 100 CPL;BOX;DTL 9731107009A1;NULL;NULL;4
1007;30;30506;KOATIN SYR 60 ML;BTL;DBL 8506302133A1;NULL;NULL;4
1008;67;NULL;PHYTOMENADIONE 10 MG BOX 100 TAB MARIN;BOX;GKL 2014108916A1;NULL;NULL;4
1009;55;NULL;ZINC SULFATE SYR IFI 60 ML;BTL;GTL 1909611437A1;NULL;NULL;4
1010;43;NULL;VITAMIN B12 INJ GLOBAL BOX 10 VIAL;BOX;GKL 9710704243A1;NULL;NULL;4
1011;43;NULL;VITAMIN B COMP INJ GLOBAL BOX 10 VIAL @20 ML;BOX;GKL 9610701343A1;NULL;NULL;4
1012;141;NULL;MICROLAX OIN 5 ML;TUBE;DBL 7221628958A1;NULL;NULL;4
1013;43;NULL;METAMIDONE INJE BOX 10 VIAL @10 ML;BOX;NULL;NULL;NULL;4
1014;11;18692;BENOSON N KRIM 5 GR;TUBE;DKL 7202341229A1;NULL;NULL;4
1015;3;NULL;QOM (BORAX GLYCERINE) 10 ML AFI;BTL;POM QD 181616271;NULL;NULL;4
1016;52;NULL;MEGATIC (DICLOFENAK SOODIUM) EMUL GEL 20 GR;TUBE;DTL 1009220628A1;NULL;NULL;4
1018;77;NULL;BETAHISTINE MESILATE 50 TAB- MULIA;BOX;GKL 1716707110A1;NULL;NULL;50
1019;25;NULL;GLIMEPIRIDE 1 MG DEXA BOX 100 TAB;BOX;GKL0205031510A1;NULL;NULL;4
1020;12;NULL;FORMALINE TAB 1 GR/ 100 TAB;BTL;NULL;NULL;NULL;55
1021;100;14784;BETAMETHASON CREAM RAMA;TUBE;GKL 1328911329A1;NULL;NULL;42
1022;52;NULL;SCOPMA PLUS 10 STR @10 KAPL;BOX;DKL 9709208104A1;NULL;NULL;1
1023;45;363932;HUFAGRIP DEMAM 120 MG SYR 60 ML;BTL;DBL1707801637B1;NULL;NULL;8
1024;61;NULL;KALNEX 500 MG 100 TAB;BOX;DKL 911614210A1;NULL;NULL;5
1027;25;NULL;RECOFOL M BOX/5 AMPUL;BOX;DKI 1850400243A1;NULL;NULL;1
1029;75;NULL;DEXAMETHASONE INJ 12AMPL/BOX MERSI;BOX;GKL 2233317843A1;NULL;NULL;8
1033;25;NULL;METRONIDAZOLE INFUS 500 MG/100 ML DEXA;BTL;GKL0405038449A1;NULL;NULL;1
1034;25;NULL;VIVENA 9 (BOX/1 VIAL);BOX;DKL 1705058944A1;NULL;NULL;1
1035;24;26001;OMEPRAZOLE INJECTION 40 MG DARYA VARIA;BOX;GKL 1504523744A1;NULL;NULL;3
1036;55;NULL;ZINC SULFATE 20 MG IFI BOX 100 TAB;BOX;GTL 1909611381A1;NULL;NULL;4
1037;77;NULL;BABY PACDIN COUGH SYRUP ORIGINAL 60 ML;BTL;DTL 1616701637A2;NULL;NULL;50
1039;35;29951;DOBUTAMINE HYDRO INJEKSI 50 MG/ML 10 AMPUL @5 ML ETHICA;BOX;GKL 1806718543A1;NULL;NULL;2
1040;75;NULL;TRAMADOL 50 MG -KAP BOX/50 MERSI;BOX;GKL 1433311801A1;NULL;NULL;8
1041;4;32674;PREGEX 75 MG (PREGABALIN) BOX/14 KAPSUL AMAROX;BOX;DKL 20435000801B1;NULL;NULL;9
1042;4;32682;COXTOR (ETORICOXIB) BOX/30 TAB AMAROX;BOX;DKL 2043500917A1;NULL;NULL;9
1043;4;361908;SILDENAFIL CITRATE 100 MG BOX/4 TAB AMAROX;BOX;GKL 2143502017A1;NULL;NULL;9
1044;11;30343;DICLOFENAC SODIUM 50 MG TAB BERNO;BOX;GKL 0302332815A1;NULL;NULL;26
1045;42;NULL;SERETIDE INHALER 125;BOX;DKI 1191600568B2;NULL;NULL;6
1047;42;13230;SERETIDE DISKUS 100;BOX;DKI 1991500167A1;NULL;NULL;6
1050;112;14192;BODREX / TAB 2X10'S FBX;BOX;DBL 8522700810A1;NULL;NULL;56
1051;112;14396;BODREX EXTRA KAP 25'S @4;BOX;DTL 0622719204A1;NULL;NULL;56
1053;112;35650;NEUREMACYL TAB 24'S;BOX;DTL 1122702410B1;NULL;NULL;56
1055;112;NULL;BODREXIN DEMAM FORTE SUSPENSI 60 ML;BTL;DBL 1422723233A2;NULL;NULL;56
1057;112;NULL;IPI VITAMIN D 3 1000 IU TAB 30'S;POT;POM SD 211552121;NULL;NULL;56
1060;112;NULL;MY BABY MINYAK TELON PLUS 30 ML;BTL;POM TR 152689291;NULL;NULL;56
1061;112;NULL;MY BABY MINYAK TELON PLUS 60 ML;BTL;POM TR 152689291;NULL;NULL;56
1062;112;NULL;MY BABY MINTAK TELON PLUS 60 ML LAVENDER;BTL;POM TR 192637181;NULL;NULL;56
1063;112;NULL;NEO RHEUMACYL EXTRA HOT/ CREAM 25G TUBE;TUBE;POM QD 212797131;NULL;NULL;56
1064;112;NULL;NEO RHEUMACYL EUCALIPTUS / CREAM 25G TUBE;TUBE;POM QD 071707131;NULL;NULL;56
1065;112;NULL;OSKADON TAB 50'S;BOX;DBL 8730700110A1;NULL;NULL;56
1067;105;NULL;DEXTROSE 10% 500 ML SATORIA;BTL;GKL 1742600149B1;NULL;NULL;49
1068;61;17501;PRONICY FILCO 10X10 BLISTER;BOX;DKL 9211614909A2;NULL;NULL;26
1069;100;NULL;CETIRIZINE HYDROCLORIDE BOX/100 TAB RAMA;BOX;GTL 1628913417A1;NULL;NULL;42
1070;100;NULL;PREDNISONE 5 MG BOX/100 TAB RAMA;BOX;GKL 2128919610A1;NULL;NULL;42
1072;51;25753;OBH SYRUP MENTOL & JERUK NIPIS 0 ML HOLI;BTL;GBL 9717100337A1;NULL;NULL;51
1073;51;NULL;PROPANOLOL 10 MG BOX/100TAB HOLI;BOX;GKL 981710310B1;NULL;NULL;51
1074;118;NULL;FRESH CARE CITRUS 10 ML;BTL;POM QD 202684711;NULL;NULL;25
1075;21;NULL;COSMOMED SUCTION CHATETER NO 8;PCS;AKL 20903420235;NULL;NULL;11
1076;21;NULL;COSMOMED SUCTION CAHTETER NO 10;PCS;AKL 20903420235;NULL;NULL;11
1077;21;NULL;COSMOMED UTRASOUN GEL 250 ML;BTL;AKD 20903810934;NULL;NULL;11
1078;21;NULL;COSMOMED GP CARE AS ALCOHOL BASED 500 ML;BTL;AKD 20903221244;NULL;NULL;11
1079;21;NULL;COSMOMED GP MASK NEBULIZER ADULT;PCS;AKD 10403910581;NULL;NULL;11
1080;21;NULL;COSMOMED GP MASK NEBULIZER CHILD;PCS;AKD 10403910581;NULL;NULL;11
1081;137;NULL;PROTOS SURGICAL STERIL POWDER 7;PSG;AKD 11603410258;NULL;NULL;11
1082;137;NULL;PROTOS SURGICAL STERIL POWDER 7,5;PSG;AKD 11603410258;NULL;NULL;11
1083;114;NULL;TP IV CHATETER 22G X 1;PCS;AKD 20902010628;NULL;NULL;11
1084;87;NULL;URINAL PLASTIK LK ONEMED;PCS;AKD 10903110401;NULL;NULL;11
1085;87;NULL;URINAL PLASTIK PK ONEMED;PCS;AKD 10903110401;NULL;NULL;11
1086;86;NULL;ONEHEALT TIMBANGAN MECHANICAL PERSONAL SCALE H;UNIT;AKL 1090102113;NULL;NULL;11
1087;82;NULL;DICLOFENAC POTASSIUM 25 MG TAB 10X10'S NULAB;BOX;GKL 1943001417B1;NULL;NULL;2
1088;69;NULL;TUPEPE 30 GR;TUBE;NA 18190125065;NULL;NULL;30
1089;11;14426;METFORMIN HCL 850 MG BOX/100 KAPSUL;BOX;GKL 0802340709A1;NULL;NULL;26
1090;120;NULL;WINNER ADHESIVE WOUND STRIP 10 CM X 1 M;BOX/1ROLL;AKL 10902411058;NULL;NULL;11
1091;120;NULL;WINNER ADHESIVE WOUND STRIP 5 CM X 1 M;BOX/1ROLL;AKL 10902411058;NULL;NULL;11
1092;120;NULL;WINNER FILM ISLAND DRESING 10 X 25 CM;BOX/20'S;AKL 10902411059;NULL;NULL;11
1093;120;NULL;WINNER VASELINE SWAB 10 CM X 10 CM;BOX/10S;AKL 21603221885;NULL;NULL;11
1095;69;NULL;PROSTAKUR 30 KAPSUL;BOX;POM TR 082378231;NULL;NULL;30
1097;40;NULL;KETOSTERIL 100 TAB;BOX;DKL 1438000109A1;NULL;NULL;6
1098;120;NULL;WINNER ADHESIVE WOUND STRIP 10 CM X 5 M;BOX/1ROLL;AKL 10902411058;NULL;NULL;11
1099;86;NULL;POVIDONE IODINE 10% ONEHEALTH 10 ML;BTL;PKD 20501220253;NULL;NULL;11
1101;88;NULL;OTSU SALIN 3% (SODIUM CHLORIDE INJ);SOFTBAG;DKL 0318700749A2;NULL;NULL;30
1103;115;363992;PREDNISONE TAB BOX/100 TRIFA;BOX;GKL 2325807510A1;NULL;NULL;8
1104;63;33973;PARAMEX SK;BOX;DBL 1713026204A1;NULL;NULL;20
1105;60;NULL;COMBANTRIN 125 MG 25X4 TAB;BOX;DTL 7219802210A1;NULL;NULL;5
1106;60;NULL;COMBANTRIN 250 MG TAB 25X2;BOX;DTL 7219802210B1;NULL;NULL;5
1108;60;NULL;MYLANTA 100 TAB/BOX;BOX;DBL 1411200163A;NULL;NULL;5
1110;60;NULL;MYLANTA LIQUID 50 ML;BTL;DBL 1441200233A1;NULL;NULL;5
1111;35;35948;BUPIVACAINE HCL INJK 5MG/ML 10 AMPUL ETHICA;BOX;GKL 1806718943A1;NULL;NULL;2
1112;100;NULL;CITICOLINE KAPL 500 MG (3X10 KAPL) RAMA;BOX;POM SD 225071631;NULL;NULL;42
1113;79;31768;METHYLPEDNISOLONE 4 TABLET DUS NOVA;BOX;GKL 1734011610A1;NULL;NULL;16
1114;111;NULL;MINYAK TAWON FF;BTL;POM QD 183616551;NULL;NULL;4
1115;79;NULL;EC- ACETYLCYSTEINE 200 KAPSUL NOVA;BOX;GTL 2334016001A1;NULL;NULL;16
1116;79;NULL;EC- CIPROFLOXACIN 500 MG TAB NOVA;BOX;GKL 0634005917A1;NULL;NULL;16
1117;79;NULL;EC- CEFADROXIL MONOHYDRATE 500 KAPSUL NOVA;BOX;GKL2002362444A1;NULL;NULL;16
1118;109;NULL;SOLVITA SYR 60 ML;BTL;POM SD 041615131;NULL;NULL;8
1119;25;NULL;FLUOXETINE CAP 20 MG (BOX/30) DEXA;BOX;GKL 1805059504A1;NULL;NULL;1
1120;61;1383;MYCORAL 200 MG 5X10 TAB;BOX;DKL 8711605817A1;NULL;NULL;26
1121;63;NULL;ANAKONIDIN 30 ML;BTL;DTL 7613004337A1;NULL;NULL;20
1122;63;14531;ANAKONIDIN OBH 30 ML;BTL;DTL 0613023137A1;NULL;NULL;20
1123;63;NULL;TERMOREX PLUS 30 ML;BTL;DTL 0113019737A1;NULL;NULL;20
1124;75;NULL;PARACETAMOL TAB 500 MG MERSI;BOX;GBL 1533312610A1;NULL;NULL;30
1125;75;NULL;MEFENAMIC ACID 500 MG BLISTER MERSI;BOX;GKL 1633313009A2;NULL;NULL;30
1127;37;NULL;FEBUXOSTAT 80 MG 30 TAB;BOX;GKL 2131548617A1;NULL;NULL;9
1128;79;NULL;EC- ALLOPURINOL 100 TAB NOVA;BOX;GKL 0634005710A1;NULL;NULL;16
1129;79;NULL;VITAMIN C 250 MG CAPSUL NOVA;BOX;POM 201368951;NULL;NULL;16
1131;92;NULL;BENZATIN BENZIL PENICILLIN 1,2 PHAPROS;BOX;GKL 9619918044A1;NULL;NULL;3
1132;4;NULL;DAPAZOX 10;BOX;DKI 2218604617B1;NULL;NULL;9
1133;50;NULL;SALONPAS EXTRAHOT;BOX;POM QL 228036501;NULL;NULL;30
1134;101;NULL;OBAT MATA ROHTO 7 ML;PCS;DTL 1140000246A1;NULL;NULL;25
1136;24;NULL;ENERVON C TAB'S 100'S;BOX;POM SD 011501011;NULL;NULL;6
1137;92;NULL;OMEPRAZOLE SODIUM 40 MG INJ @10 VIAL PHAPROS;BOX;GKL 1819933644A1;NULL;NULL;3
1138;18;34562;DESOXIMETASONE 0,25% 10 GR COMBIPHAR;TUBE;GKL 1904134629A1;NULL;NULL;6
1139;15;NULL;FLUORESCEIN 2% 5 ML;BTL;GKL 7603813946A1;NULL;NULL;2
1140;79;NULL;EC- CEFADROXIL MONOHYDRATE 250 MG KAPSUL NOVA;BOX;GKL 1634010901A1;NULL;NULL;16
1141;75;NULL;SIBITAL INJEKSI 200 MG;BOX;GPL 8919905443A1;NULL;NULL;8
1143;11;19819;BENOSON N KRIM 15 GR;TUBE;DKL 7202341229A1;NULL;NULL;26
1144;11;NULL;SULTRIMIX DS KAPTAB @100 BERNO;BOX;DKL 8302303004A1;NULL;NULL;26
1145;42;18221;VENTOLIN INHALER CFC FREE/CAN;CAN;DKL 1832005939A1;NULL;NULL;6
1146;28;NULL;AUTOCHECK CHOLESTEROL STRIPS 10'S;BOX;AKL 20101324349;NULL;NULL;11
1147;100;22343;AMLODIPINE BESILATE 10 MG RAMA;BOX;GKL 1628913810B1;NULL;NULL;42
1148;100;22269;AMLODIPINE BESILATE 5 MG RAMA;BOX;GKL 1628913810A1;NULL;NULL;42
1149;87;NULL;PLESTERIN ONE STANDART BOX 40'S ONEMED;BOX;AKD 10902420334;NULL;NULL;41
1150;18;NULL;OBHC BATUK BDHK JAHE 100 ML NEW;BTL;DBL 0804130437A1;NULL;NULL;6
1151;18;NULL;PEDITOX 50 ML/ BTL;BTL;DTL 1304132941A1;NULL;NULL;6
1152;35;31525;NOREPINEPHRINE BITARTRATE INJ BOX/5 AMPL ETHICA;BOX;GKL 1706716043A1;NULL;NULL;6
1153;25;28540;ATEVIR 0,5 MG BLISTER BOX/30;BOX;DKI 1742200217A1;NULL;NULL;1
1154;4;361912;OLANZAPINE 5MG TAB BOX/30 AMAROX;BOX;GKL 2143501717A1;NULL;NULL;9
1155;4;32683;COXTOR 90 MG BOX/30TAB AMAROX;BOX;DKL 2043500917B1;NULL;NULL;9
1156;4;NULL;LEVEXA INJ 500 MG AMAROX;BOX;DKL 2354000743A1;NULL;NULL;9
1157;115;NULL;MICONAZOLE KRIM 20 MG TUBE TRIFA;TUBE;GTL 242580822941;NULL;NULL;8
1158;28;NULL;AUTOCHECK GLUCOSA STRIPS 25'S;BOX;AKL 20101324383;NULL;NULL;11
1160;11;31690;MECOBALAMIN INJ 500 MCG/ML 10 AMPL BERNO;BOX;GKL 1802358143A1;NULL;NULL;26
1161;79;NULL;EC- TETRACYCLINE HCL 500 KAPSUL DUS;BOX;GKL 0734007501A1;NULL;NULL;16
1162;79;NULL;EC- SUCRALFATE SUSPENSI 60 ML NOVA;BTL;GKL 2234014933A1;NULL;NULL;16
1164;4;361919;LEVEXA 500 MG 20 TAB;BOX;DKL 2043501617B1;NULL;NULL;9
1165;21;NULL;HEXACARE ALCHOHOL 70% 1 L COSMOMED;BTL;PKD 20501023639;NULL;NULL;11
1166;4;363120;SITAGLIPTIN 100 MG BOX/28 TAB AMAROX;BOX;GKL 2243502917B1;NULL;NULL;9
1167;100;10244;AMOXICILLIN 500 MG TAB RAMA;BOX;GKL 9528905904A1;NULL;NULL;42
1168;112;NULL;OSKADON EXTRA TAB;BOX;DBL 8730700110A1;NULL;NULL;56
1169;112;15469;NEO RHEUMACYL NEURO 12'S@10TAB;BOX;DTL 0322717909A1;NULL;NULL;56
1170;37;NULL;CANDESARTAN 8 MG 30 TAB YARINDO;BOX;GKL 1731539210A1;NULL;NULL;9
1171;37;NULL;CANDESARTAN 16 MG 30 TAB YARINDO;BOX;GKL 1731539210B1;NULL;NULL;9
1172;77;NULL;ATORVASTATIN 20 MG (5X10 KAP) STRIP MULIA;BOX;GKL 161704009A1;NULL;NULL;50
1173;77;NULL;ATORVASTATIN 10 MG 3X10KAP MULIA;BOX;GKL 1716704009C1;NULL;NULL;50
1174;43;NULL;VITAMIN B1 INJ GLOBAL BOX 10 VIAL @10 ML;BOX;GKL 9610701843A1;NULL;NULL;4
1175;38;NULL;METHOCLOPRAMIDE 10 MG FM BOX 100 TAB;BOX;GKL 0407115710A1;NULL;NULL;4
1176;92;NULL;NATRIUM DICLOFENAC 25 MG PHAPROS BOX 50 TAB;BOX;GKL 9819920415A1;NULL;NULL;4
1177;79;365522;EC- LEVOFLOXACINE 500 TAB NOVA;BOX;GKL 2234014717A1;NULL;NULL;16
1178;25;NULL;GLICAZIDE TAB 80 MG (BOX/100) DEXA;BOX;GKL 1805059010A1;NULL;NULL;1
1179;35;362991;DOBUTAMINE INJ 250 MG/20 ML 5'S ETHICA;BOX;GKL 2206718543B1;NULL;NULL;6
1180;61;17749;ENTROSTOP 10'S;BOX;DBL 9111602010A1;NULL;NULL;26
1181;18;NULL;INSTO EYE DROP 7,5 ML;BTL;DTL 1438202046A1;NULL;NULL;6
1182;115;366365;METRONIDAZOLE TAB 500MG TRIFA BOX/100 TAB;BOX;GKL 2325807210A1;NULL;NULL;8
1183;79;NULL;EC- COTRIMOXAZOLE SUSPENSI NOVA;BTL;GKL 0434004133A1;NULL;NULL;16
1184;79;NULL;COTRIMOXAZOLE SUSPENSI 60 ML NOVA;BTL;GKL 0434004133A1;NULL;NULL;16
1185;30;13882;RANITIDINE TAB BOX/100 ERELA;BOX;GKL 1006312417A1;NULL;NULL;8
1186;75;NULL;ANTASIDA DOEN TAB BOX/100 MERSI;BOX;GBL 1733313963A1;NULL;NULL;8
1187;25;NULL;LACTALAN BOX/30;BOX;POM TR 182515651;NULL;NULL;1
1188;79;NULL;EC- AMBROXOL HCL TAB BOX/100 NOVA;BOX;GKL 1234009410A1;NULL;NULL;16
1189;79;12537;EC- AMBROXOL HCL SYR NOVA;BTL;GKL 1134009137A1;NULL;NULL;16
1190;75;NULL;METAMIZOLE 500 MG TAB BOX/100 MERSI;BOX;GKL 0033303210A1;NULL;NULL;26
1191;11;16680;RANITIDINE 150 MG KAPLET 100 TAB BERNO;BOX;GKL 0302334117A1;NULL;NULL;26
1192;92;NULL;PEHACAININJ 2 ML 20 AMPL;BOX;DKL 7219930543A1;NULL;NULL;4
1193;35;34710;OXYTOCIN 10IU/ML INJEK ETHICA AMPL;AMPUL;GKL 8606703943A1;NULL;NULL;27
1194;4;32665;Q-PIN ( QUETIPINE FUMARATE) 200 MG BOX/60 TAB;BOX;DKL 1943500617C1;NULL;NULL;9
1195;4;32664;Q-PIN ( QUETIPINE FUMARATE) 100 MG BOX/60 TAB;BOX;DKL1943500617B1;NULL;NULL;9
1196;4;NULL;SITAZIT ( SITAGLIPTIN CHL) 100MG BOC/28TAB;BOX;DKL 2243503017B1;NULL;NULL;9
1197;24;NULL;ASPILET 100 MG;BOX;DKL 2314711815A1;NULL;NULL;6
1198;25;NULL;VEPROLIN CAPLET 500 MG BOX/30 KAPL;BOX;POM HT 202 500 951;NULL;NULL;1
1199;92;NULL;ACYCLOVIR 400 MG TAB@50 PHAPROS;BOX;GKL 9619918410B1;NULL;NULL;3
1200;35;31890;MIDAZOLAM HCL 5MG/ML 10 AMPUL ETHICA;BOX;GPL 1906719543B1;NULL;NULL;6
1201;79;NULL;EC- COTRIMOKSAZOLE NOVA BOX 100 TAB;BOX;GKL 0834008110A;NULL;NULL;16
1202;100;15416;ALLOPURINOL 100 MG 100 TAB RAMA;BOX;GKL 1328911410A1;NULL;NULL;42
1203;79;35554;CETIRIZINE HCL SYR NOVA;BTL;GKL 2034013437A1;NULL;NULL;16
1204;25;NULL;DISMENO CAPS 100 MG (BOX/30);BOX;NULL;NULL;NULL;1
1205;75;NULL;CLOZAPINE 25 MG 50 TABLET MERSI;BOX;GKL 1233310410A1;NULL;NULL;8
1206;61;NULL;MIXAGRIP HERBAL GREGES @15 ML;BTL;POM TR 246053151;NULL;NULL;26
1207;25;NULL;BISOPROLOL 5 MG DEXA BOX 30 TAB;BOX;GKL 0305032417A1;NULL;NULL;4
1209;48;NULL;NEO ULTRASILINE CREAM TUBE 5GR;TUBE;DTL 7808101129A1;NULL;NULL;4
1210;116;NULL;SUPERHOID BOX 6 SUPP;BOX;DTL 7225903553A1;NULL;NULL;4
1211;4;361913;OLANZAPINE 10 MG BOX/30 TAB AMAROX;BOX;GKL 2143017171D1;NULL;NULL;9
1212;11;NULL;LIDOCAIN COMPOSITUM INJ @10 AMPUL BERNO;BOX;GKL 2202366643A1;NULL;NULL;36
1213;11;363233;TRANEXAMIC ACID INJEK 250 MG @10AMPUL;BOX;GKL 1602352043A1;NULL;NULL;36
1214;58;NULL;PAMOL 250 MG SUPP 12 SUP/BOX;BOX;DKL 0617621853B1;NULL;NULL;5
1215;11;NULL;CEFIXIME TRIHYDRATE TSS 100 MG 100 TAB BERNO;BOX;GKL 2202366017A1;NULL;NULL;36
1216;42;NULL;BEROTEC 0,1 MG;BOX;DKL 2452504139A1;NULL;NULL;6
1218;120;NULL;WINNER ELASTIC BANDAGE 95 GSM 10X 4,5 M;ROLL;NULL;NULL;NULL;11
1219;79;NULL;EC- HYOSCINE BUTYLBROMIDE TABLET DUS;BOX;GKL 2234015610A1;NULL;NULL;16
1220;92;NULL;EPINEPRINE INJ 1 ML PHAPROS BOX 30 AMPUL;BOX;GKL 8919905843 A1;NULL;NULL;3
1221;18;NULL;INSTO COOL;BTL;DTL 20380202646A1;NULL;NULL;6
1222;26;NULL;DACARBAZINE MEDAC 200 MG;VIAL/BOX;DKI 1130600344A1;NULL;NULL;48
1223;30;NULL;CAVIPLEX KIDS SYR 60 ML;BTL;POM SD 101639741;NULL;NULL;8
1224;30;NULL;CAVICUR 60 CC-EMULSI BTL;BTL;POM SD 081635251;NULL;NULL;8
1225;62;NULL;CLONIDINE 0,15 MG DUS 100 TAB KF;BOX;GKL 2144402210A1;NULL;NULL;3
1226;107;NULL;RANITIDINE 150 MG 100 TAB SELES;BOX;GKL 1736705209A1;NULL;NULL;23
1227;11;NULL;ACICLOVIR CREAM 5 GR BERNO;TUBE;GKL 2202365029A1;NULL;NULL;36
1228;11;NULL;BETAMETHASONE VALERATE CREAM 5GR BERNO;TUBE;GKL 1702355529A1;NULL;NULL;36
1229;11;NULL;MICONAZOLE NITRATE CREAM 2% 5G BERNO;TUBE;GTL 1702354129A1;NULL;NULL;36
1230;11;NULL;HYDROCORTISON ACETATE CREAM 2,5% 5G BERNO;TUBE;GKL 9402320129A1;NULL;NULL;36
1233;31;NULL;SALBUTAMOL 2 MG ERRITA BOX/100 TAB;BOX;GKL 2006512610A1;NULL;NULL;4
1234;25;NULL;GLIMEPIRIDE 3 MG DEXA BOX 100 TAB;BOX;GKL 0205031610C1;NULL;NULL;4
1236;35;NULL;PALONOSETRON 0,25MG/5ML 1 VIAL;BOX;GKL 1906719743A1;NULL;NULL;6
1237;35;NULL;GRANISETRON 3 INJEKSI/ 5 AMPUL;BOX;GKL 1706716343A1;NULL;NULL;6
1238;35;NULL;ROPIVACAINE INJEK 150 MG/20 ML 5'S;BOX;GKL 2206720743A1;NULL;NULL;6
1239;79;NULL;EC- PIROXICAM 10 MG NOVA BOX 100 TAB;BOX;GKL 1234009010A1;NULL;NULL;16
1240;8;NULL;ADALAT OROS 30 MG 30 TAB;BOX;DKL 1802009414B1;NULL;NULL;1
1241;82;NULL;DONEPEZIL HCL 5MG TAB. SALUT 3X10'S NULAB;BOX;GKL 1943003717A1;NULL;NULL;2
1242;82;NULL;DICLOFENAC POTASIUM 50 MG 100 TAB NU LAB;BOX;GKL 1843001417A1;NULL;NULL;2
1243;32;NULL;ERPHAKAF PLUS SYR 60 ML;BTL;DTL 8106402137A1;NULL;NULL;8
1244;61;NULL;MYCORAL CREAM 5 GR;TUBE;DTL 8911608429A1;NULL;NULL;26
1246;90;NULL;BABYBALM 8GR;PCS;NULL;NULL;NULL;6
1247;15;NULL;CENDO ASTHENOF 5 ML;BTL;DTL 803812846A1;NULL;NULL;2
1248;64;NULL;L BIO 30 SCH@1 GR;BOX;POM SI 074225431;NULL;NULL;2
1249;64;NULL;L BIO SCAHET 1GR;SCHT;POM SI 074225431;NULL;NULL;2
1250;15;NULL;TIMOL 0,25% 5 ML;BTL;NULL;NULL;NULL;2
1251;77;NULL;KETOCONAZOLE KRIM 2% 10 GR;TUBE;GTL 1716706829A1;NULL;NULL;50
1252;109;NULL;FORTUSIN SYRUP 60 ML;BTL;DTL 0233402837A1;NULL;NULL;8
1254;64;NULL;APIALYS SYR 100 ML;BTL;POM SD 041618881;NULL;NULL;4
1255;113;NULL;KENALOG IN ORABASE 5 GR;TUBE;DKL 1124400130A1;NULL;NULL;4
1256;107;NULL;GUAIFENISIN 100 TAB SELES;BOX;GTL 1136703110A1;NULL;NULL;23
1257;107;NULL;SELKOM C 100 TAB;BOX;POM SD 061328461;NULL;NULL;23
1258;52;NULL;LANSOPRAZOLE KAPSUK 10X10 IFARS;BOX;GKL 0709216903A1;NULL;NULL;NULL
1259;24;NULL;DEGIROL LOZ 100 TAB'S 100'S;BOX;DBL 9104508712A1;NULL;NULL;6
1260;24;NULL;DEGIROL LOZ 20 TAB'S 20'S;BOX;DBL 9104508712A1;NULL;NULL;6
1261;42;NULL;VENTOLIN NEBU 2,5 AMPUL;AMPUL;DKI 2437200468A1;NULL;NULL;6
1262;115;NULL;ASAM FOLAT 1000 MCG TAB BOX/100 TRIFA;BOX;POM SD 245047021;NULL;NULL;8
1263;27;NULL;SUTRA CLASSIC ECONO PACK 12+3;PACK;AKL 21104511195;NULL;NULL;8
1264;27;NULL;SUTRA GERIGI 3S;PCS;AKL 21104127994;NULL;NULL;8
1265;117;NULL;THROMBOPHOB GEL 20 GR;TUBE;DTL8526103028A1;NULL;NULL;5
1266;118;NULL;FRESH CARE SMASH MATCHA;BTL;POM QD 173614991;NULL;NULL;25
1267;92;NULL;NYSTATIN 100.000 IU BOX 100 VAGTAB;BOX;GKL 8919909318A1;NULL;NULL;4
1268;79;NULL;ONDANSENTRON HCL 8 MG @100TAB NOVA;BOX;GKL 2034013917B1;NULL;NULL;16
1269;73;NULL;MUCOS DROP (AMBROXOL);BTL;DKL 9815612536A1;NULL;NULL;4
1270;55;NULL;SALBUTAMOL 4 MG IFI BOX 100 TAB;BOX;GKL 200912310B1;NULL;NULL;4
1271;98;NULL;BETAHISTINE MESILATE 6 MG PYRIDAM BOX 100 TAB;BOX;GKL 2121028510A1;NULL;NULL;4
1273;24;NULL;NEW DIATABS 100 TAB;BOX;DBL 1904527910A1;NULL;NULL;6
1274;14;NULL;COMBIVENT 2,5 ML UDV;VIAL;DKI1152502775A1;NULL;NULL;6
1275;11;NULL;LIDOCAIN 2% INJEKSI BRN AMPUL;AMPUL;GKL8102300243A1;NULL;NULL;26
1276;35;NULL;ATROPINE SULFATE 0,25 MG/ML;AMPUL;GKL 0106703143A1;NULL;NULL;NULL
1277;24;NULL;SPASMAL TAB 25 STRIP@4 TAB;BOX;DKL 1804527617A1;NULL;NULL;6
1279;115;NULL;ZINC SULFATE -TAB BOX/100 TRIFA;BOX;GTL 2325807181A1;NULL;NULL;8
1280;54;NULL;HI-CUR 30 TAB;BOX;POM TR 212336231;NULL;NULL;43
1281;79;NULL;DOMPERIDONE MALEATE TAB NOVA;BOX;GKL 1234010410A1;NULL;NULL;16
1282;24;NULL;OBIMIN AF 30 KAP;BOX;POM SD 245035041;NULL;NULL;6
1283;18;NULL;NEO - K INJEK 5 AMPUL;BOX;DKL 0604129543A1;NULL;NULL;6
1284;18;NULL;FINASTERIDE 5 MG BOX/100 TAB COMBIPHAR;BOX;GKL 1804134417A1;NULL;NULL;6
1285;58;NULL;URINTER FILM COATED CAP;BOX;DKL 2017629909A1;NULL;NULL;26
1286;108;NULL;DIAPET NR 25X4'S KAPSUL BOX NEW;BOX;POM HT 202300831;NULL;NULL;26
1287;108;NULL;IMBOOST FORCE 30 KAPLET;BOX;POM SD021503871;NULL;NULL;26
1289;21;NULL;POVIDONE IODINE 100 ML COSMOMED;BTL;AKD 20903221174;NULL;NULL;11
1290;3;NULL;BEDAK AMORE DUS 100 GR;POT;NA 18180400030;NULL;NULL;6
1291;52;NULL;NISAGON CREAM 5 GR;TUBE;DKL 9709207329A1;NULL;NULL;39
1292;41;NULL;SCABIMITE CREAM 10 GR;TUBE;DKL 9427801529A1;NULL;NULL;4
1293;45;NULL;ANASTAN FORTE 500 MG;BOX;DKL 9207802304A1;NULL;NULL;4
1296;44;NULL;FLUCADEX SYR 60 ML;BTL;NULL;NULL;NULL;NULL
1297;115;NULL;CETIRIZINE 10 MG -KAP BOX/100 TRIFA;BOX;GTL 2325806804A1;NULL;NULL;8
1301;123;NULL;CETAPHIL GENTLE SKIN CLEANSER 125 ML;BTL;NULL;NULL;NULL;NULL
1302;127;NULL;SGM BBLR 400 GR;BOX;NULL;NULL;NULL;NULL
1303;123;NULL;CETAPHIL GENTLE SKIN CLEANSER 250 ML;BTL;NULL;NULL;NULL;NULL
1304;123;NULL;CETAPHIL GENTLE SKIN CLEANSER 500 ML;BTL;NULL;NULL;NULL;NULL
1305;127;NULL;SGM EKSPLOR GAIN OPTIGROW VANILLA 400 GR;BOX;NULL;NULL;NULL;NULL
1306;127;NULL;SGM ANANDA-2 1000 G (SH);BOX;NULL;NULL;NULL;NULL
1307;127;NULL;SGM EKSPLOR 1 PLUS VANILA 900 G;BOX;NULL;NULL;NULL;NULL
1308;127;NULL;SGM EKSPLOR 1 PLUS MADU 600 G;BOX;NULL;NULL;NULL;NULL
1309;127;NULL;SGM EKSPLOR 1 PLUS VANILA 600 G;BOX;NULL;NULL;NULL;NULL
1310;127;NULL;SGM ANANDA1 - 1000 G;BOX;NULL;NULL;NULL;NULL
1311;127;NULL;SGM ANANDA-2 150 GR;BOX;NULL;NULL;NULL;NULL
1312;127;NULL;SGM EKSPLOR 1 PLUS VANILA 400 GR;BOX;NULL;NULL;NULL;NULL
1313;127;NULL;SGM ANANDA GAIN 100 400 GR;BOX;NULL;NULL;NULL;NULL
1315;69;NULL;KINDEREN DIAPER CREAM 20 GR;TUBE;NULL;NULL;NULL;NULL
1316;8;NULL;BEPANTHEN BABY 5% OINT 20 GR;TUBE;NULL;NULL;NULL;1
1317;127;NULL;SGM LLM 400 GR;BOX;NULL;NULL;NULL;NULL
1318;18;NULL;MALTOFER DROPS / BTL 30 ML;BTL;NULL;NULL;NULL;NULL
1319;126;NULL;POLIDENT ADHESIVE FLAVOUR FREE 20 GR;TUBE;NULL;NULL;NULL;NULL
1320;18;NULL;OB COMBI ANTITUSSIVE;BTL;NULL;NULL;NULL;NULL
1321;43;NULL;CEFIXIME 200 MG PHARMALAB BOX 100 CAPS;BOX;NULL;NULL;NULL;NULL
1322;58;NULL;TRIFED TABLET 50 TAB/BOX;BOX;NULL;NULL;NULL;NULL
1323;42;NULL;VOLTAREN ELEMUGEL 10GR;TUBE;DTL1624504328A1;NULL;NULL;6
1324;42;NULL;VOLTAREN EMULGEL 20 GR;TUBE;DTL1624504328A1;NULL;NULL;6
1325;78;NULL;BETADINE ANTISEPTIC SOLUTION 15ML;BTL;NULL;NULL;NULL;NULL
1326;127;NULL;INFATRINI 12 X 400 CN TSA;KLG;NULL;NULL;NULL;NULL
1327;24;NULL;NATUR E SKIN START NAT VIT E 100 IU 16'S;BOX;NULL;NULL;NULL;NULL
1328;32;NULL;DEXTEEM PLUS TABLET 10X10'S;BOX;NULL;NULL;NULL;NULL
1330;127;NULL;SGM ANANDA1 - 600 G (NIS);BOX;NULL;NULL;NULL;NULL
1332;128;NULL;LACTACYD ALL DAY CARE 60ML NEW;BTL;NULL;NULL;NULL;NULL
1333;128;NULL;LACTACYD BABY EXTRA MILKY 60ML;BTL;NULL;NULL;NULL;NULL
1334;128;NULL;LACTACYD ODOR FRESH NEW;BTL;NULL;NULL;NULL;NULL
1335;126;NULL;SCOTT'S EMULSION VITA 200 ML;BTL;NULL;NULL;NULL;NULL
1336;128;NULL;LACTACYD BABY GENTLE CARE 60 ML;BTL;NULL;NULL;NULL;NULL
1337;61;NULL;ANFUHEX CREAM;TUBE;NULL;NULL;NULL;NULL
1338;8;NULL;CANESTEN CREAM 5 GR;TUBE;NULL;NULL;NULL;NULL
1340;3;NULL;AFICARE EUCALYPTUS;BTL;NULL;NULL;NULL;NULL
1341;3;NULL;AFICARE MINYAK KAYU PUTIH;BTL;NULL;NULL;NULL;NULL
1342;3;NULL;ALIVE MOMMA 400 MCG;BOX;NULL;NULL;NULL;NULL
1343;3;NULL;ORIFRESH GREEN TEA;BTL;NULL;NULL;NULL;NULL
1344;3;NULL;ORIFRESH LAVENDER;BTL;NULL;NULL;NULL;NULL
1345;8;NULL;CANESTEN CREAM 10 GR;TUBE;NULL;NULL;NULL;NULL
1346;127;NULL;SGM ANANDA1 - 120 G;BOX;NULL;NULL;NULL;NULL
1347;127;NULL;SGM ANANDA1 - 150 G;BOX;NULL;NULL;NULL;NULL
1348;127;NULL;SGM ANANDA1 - 400 G (NIS);BOX;NULL;NULL;NULL;NULL
1349;127;NULL;SGM ANANDA-2 400 G (NIS);BOX;NULL;NULL;NULL;NULL
1350;127;NULL;SGM ANANDA-2 120 GR;BOX;NULL;NULL;NULL;NULL
1351;127;NULL;SGM EKSPLOR 1 PLUS MADU 400 G;BOX;NULL;NULL;NULL;NULL
1352;127;NULL;SGM EKSPLOR 1 PLUS VANILA 150 GR;BOX;NULL;NULL;NULL;NULL
1353;127;NULL;SGM EKSPLOR 3 PLUS COKLAT 400 G;BOX;NULL;NULL;NULL;NULL
1354;127;NULL;SGM EKSPLOR 3 PLUS MADU 150 GR;BOX;NULL;NULL;NULL;NULL
1355;127;NULL;SGM EKSPLOR 3 PLUS VANILA 400 G;BOX;NULL;NULL;NULL;NULL
1356;127;NULL;SGM ISOPRO SOY EKSPLOR HNY 400 GR;BOX;NULL;NULL;NULL;NULL
1357;130;NULL;ALODAN 300MG @100 TAB;BOX;NULL;NULL;NULL;NULL
1358;130;NULL;ANFLAT FORTE SYURP 100 ML;BTL;NULL;NULL;NULL;NULL
1359;130;NULL;DIGEST 30 MG 20 CAPS;BOX;NULL;NULL;NULL;NULL
1360;130;NULL;OVISKIN CREAM 10 GR;TUBE;NULL;NULL;NULL;NULL
1361;130;NULL;PRO - INZ BOX 10 STR@ 10 KAP;BOX;NULL;NULL;NULL;NULL
1362;130;NULL;SALBRON 4 MG 100 TAB;BOX;NULL;NULL;NULL;NULL
1363;130;NULL;TOPCILLIN D.S 125 MG 60CC;BOX;NULL;NULL;NULL;NULL
1364;123;NULL;CTP BB CALENDULA ADV PROTECT CRM 85G NEW;TUBE;NULL;NULL;NULL;NULL
1365;123;NULL;CETAPHIL BRIGHT HRB CREAMY CLEANSER 100 G;TUBE;NULL;NULL;NULL;NULL
1366;123;NULL;CETAPHIL DAILY EXFOLIATING CLEANSER 178 ML;TUBE;NULL;NULL;NULL;NULL
1367;123;NULL;CETAPHIL GENTLE SKIN CLEANSER 59 ML;BTL;NULL;NULL;NULL;NULL
1368;123;NULL;CETAPHIL MOISTURIZING CREAM 100 G;TUBE;NULL;NULL;NULL;NULL
1369;123;NULL;CETAPHIL PRO AD DERMA SR MOIST 145 ML;BTL;NULL;NULL;NULL;NULL
1370;126;NULL;POLIDENT ADHESIVE FLAVOUR FREE 60 GR;BOX;NULL;NULL;NULL;NULL
1371;126;NULL;POLIDENT ADHESIVE FRESH MINT 20 GR;BOX;NULL;NULL;NULL;NULL
1372;126;NULL;POLIDENT ADHESIVE FRESH MINT 60 GR;BOX;NULL;NULL;NULL;NULL
1373;126;NULL;SENSODYNE COOL GEL TP 1 X 100 GR;TUBE;NULL;NULL;NULL;NULL
1374;126;NULL;SENSODYNE DEEP CLEAN 100 GR;TUBE;NULL;NULL;NULL;NULL
1375;126;NULL;SENSODYNE HERBAL 100 GR;TUBE;NULL;NULL;NULL;NULL
1376;126;NULL;SENSODYNE MULTI ACTION 100 GR;TUBE;NULL;NULL;NULL;NULL
1377;126;NULL;SENSODYNE R+P EXTRA FRESH TP 1 X 100 GR;TUBE;NULL;NULL;NULL;NULL
1378;126;NULL;SENSODYNE R+P WHITENING TP 1 X 100 GR;TUBE;NULL;NULL;NULL;NULL
1379;126;NULL;SENSODYNE REPAIR + PROTECT TP 1 X 100 GR;TUBE;NULL;NULL;NULL;NULL
1380;78;NULL;BETADINE ANTISEPTIC OINTMENT 10GR;BOX;NULL;NULL;NULL;NULL
1381;78;NULL;BETADINE ANTISEPTIC OINTMENT 5GR;BOX;NULL;NULL;NULL;NULL
1382;78;NULL;BETADINE ANTISEPTIC SOLUTION 5ML;BTL;NULL;NULL;NULL;NULL
1383;127;NULL;BEBELAC 1 PLUS HNY GREAT 800 GR;KLG;NULL;NULL;NULL;NULL
1384;127;NULL;BEBELAC 3 VANILA GREAT 800 GR;KLG;NULL;NULL;NULL;NULL
1385;127;NULL;NUTRIBABY ROYAL 1 400 GR FB PGS TRBL;BOX;NULL;NULL;NULL;NULL
1386;127;NULL;NUTRIBABY ROYAL 2 400 GR FB PGS TRBL;BOX;NULL;NULL;NULL;NULL
1387;127;NULL;NUTRIBABY ROYAL PREMATURE - 400 GR;BOX;NULL;NULL;NULL;NULL
1388;127;NULL;NUTRILON ROYAL 3 - MADU 400 GR;BOX;NULL;NULL;NULL;NULL
1389;127;NULL;SGM BBLR 200 GR;BOX;NULL;NULL;NULL;NULL
1390;127;NULL;SGM ISOPRO SOY ANANDA 0-6 200 GR;BOX;NULL;NULL;NULL;NULL
1391;127;NULL;SGM ISOPRO SOY ANANDA 6-12 400 GR;BOX;NULL;NULL;NULL;NULL
1392;127;NULL;SGM LLM 200 GR;BOX;NULL;NULL;NULL;NULL
1393;21;NULL;COSMOMED FACE MASK EARLOOP WHITE 3 PLY, BOX OF 50s;BOX;NULL;NULL;NULL;NULL
1394;49;NULL;FASGO 500 MG;BOX;NULL;NULL;NULL;NULL
1395;49;NULL;FASGO SYURP 160 MG;BTL;NULL;NULL;NULL;NULL
1396;24;NULL;NATUR-E WHITE SUPP 16'S;BOX;NULL;NULL;NULL;NULL
1397;132;NULL;MADURASA SACHET ORIGINAL 20 GR;BOX;NULL;NULL;NULL;NULL
1398;24;NULL;NATUR E SKIN START NAT VIT E 100 IU 32'S;BOX;NULL;NULL;NULL;NULL
1399;24;NULL;NATUR-E WHITE SUPP 32'S;BOX;NULL;NULL;NULL;NULL
1400;18;NULL;OBHC BATUK FLU ANAK 60 ML STRAWBERRY;BTL;DTL 9804123737A1;NULL;NULL;6
1401;18;NULL;OBHC BATUK FLU ANAK ORANGE 60 ML;BTL;DTL 9804123837A1;NULL;NULL;6
1402;18;NULL;OBHC BATUK FLU JAHE 60 ML;BTL;NULL;NULL;NULL;NULL
1403;18;NULL;OBHC BATUK FLU JAHE 100 ML;BTL;NULL;NULL;NULL;NULL
1404;18;NULL;OBHC BATUK FLU MADU 60 ML;BTL;NULL;NULL;NULL;NULL
1405;133;NULL;FACE MASK WITH EARLOOP BLUE;BOX;NULL;NULL;NULL;NULL
1406;49;NULL;SVT TABLET SALUT SELAPUT 20 MG;BOX;NULL;NULL;NULL;NULL
1407;18;NULL;OBHC BATUK FLU MTHL 100 ML;BTL;NULL;NULL;NULL;NULL
1408;126;NULL;SENSODYNE FRESH MINT 100 GR NEW;TUBE;NULL;NULL;NULL;NULL
1409;115;NULL;METHYLPREDNISOLONE 4 MG-TAB BOX/100 TRIFA;BOX;GKL 2225805810A1;NULL;NULL;8
1411;61;NULL;ANFUHEX TABLET;BOX;NULL;NULL;NULL;NULL
1412;104;NULL;BISOLVON EXTRA SYR 60 ML;BTL;NULL;NULL;NULL;NULL
1413;18;NULL;INSTO EYE DROPS 15 ML;BTL;NULL;NULL;NULL;NULL
1414;134;NULL;LEUKOPLAST HYPAFIX 5CM X 1M;BOX;NULL;NULL;NULL;NULL
1415;18;NULL;OBH COMBI BATUK FLU ANAK 60 ML MADU;BTL;NULL;NULL;NULL;NULL
1417;132;NULL;MADURASA BOTOL JAHE MERAH LEMON 160 GR;BTL;NULL;NULL;NULL;NULL
1418;132;NULL;MADURASA BOTOL JAHE MERAH LEMON 280 GR;BTL;NULL;NULL;NULL;NULL
1419;132;NULL;MADURASA SACHET JERUK NIPIS 20 GR;BOX;NULL;NULL;NULL;NULL
1420;135;NULL;PARAM KOCOK 25 ML;BTL;NULL;NULL;NULL;6
1421;135;NULL;PARAM KOCOK 75ML;BTL;NULL;NULL;NULL;6
1422;135;NULL;BERSALIN LENGKAP SELAPAN PIL BOX;BOX;NULL;NULL;NULL;6
1423;8;NULL;BAYCUTE-N 5 GR;TUBE;NULL;NULL;NULL;NULL
1424;8;NULL;CDR FORTOS TAB EFF 10'S;PCS;NULL;NULL;NULL;NULL
1425;8;NULL;CLARITIN TAB OTC 10'S;BOX;NULL;NULL;NULL;NULL
1426;8;NULL;CLARITIN TAB OTC 5'S;TUBE;NULL;NULL;NULL;NULL
1427;8;NULL;REDOXON TRIPEL ACTION 10'S BAYER;BOX;NULL;NULL;NULL;NULL
1428;11;NULL;BENOSON KRIM 15 GR;BOX;NULL;NULL;NULL;NULL
1429;11;NULL;BENOSON KRIM 5 GR;BOX;NULL;NULL;NULL;NULL
1431;11;NULL;GARABIOTIC KRIM 15 GR;TUBE;NULL;NULL;NULL;NULL
1432;11;NULL;GARABIOTIC KRIM 5 GR;TUBE;NULL;NULL;NULL;NULL
1434;11;NULL;INHAVENT CAIRAN INHALASI;BOX;NULL;NULL;NULL;NULL
1435;11;NULL;NOREPINEPHRINE BITARTRATE INJ 1 MG/ML BOX 1 BLISTER @5AMP @4 ML;BOX;NULL;NULL;NULL;NULL
1436;11;NULL;ONDANCETRON HCL 8MG/4ML 10 AMP;BOX;NULL;NULL;NULL;NULL
1438;104;NULL;BISOLVON KID 4 MG/5 ML SYR 60 ML;BTL;NULL;NULL;NULL;NULL
1439;14;NULL;BUSCOPAN 10 MG TAB @ 100 TAB;BOX;NULL;NULL;NULL;NULL
1440;14;NULL;BUSCOPAN PLUS FCT 100'S;BOX;NULL;NULL;NULL;NULL
1441;14;NULL;DULCOLACTOL 10/15 SYR 60 ML;BTL;NULL;NULL;NULL;NULL
1443;14;NULL;MUCOPECT 30 MG TAB. 100'S;PAK;NULL;NULL;NULL;NULL
1444;134;NULL;LEUKOPLAST HYPAFIX 10 CM X 5 M;BOX;NULL;NULL;NULL;NULL
1445;132;NULL;MADURASA BOTOL MURNI 150 GR;BTL;NULL;NULL;NULL;NULL
1446;132;NULL;MADURASA BOTOL MURNI 250GR PET;BTL;NULL;NULL;NULL;NULL
1447;132;NULL;MADURASA BOTOL PREMIUM 150 GR;BTL;NULL;NULL;NULL;NULL
1448;132;NULL;MADURASA BOTOL PREMIUM 250 GR;BTL;NULL;NULL;NULL;NULL
1449;132;NULL;MADURASA BOTOL PREMIUM 910 GR/650 ML;BTL;NULL;NULL;NULL;NULL
1450;18;NULL;MALTOFER CHEW BOX 5 STR;BOX;NULL;NULL;NULL;NULL
1451;18;NULL;OBH COMBI HERBAL 60 ML;BTL;POM TR 226072711;NULL;NULL;6
1452;18;NULL;OBHC BATUK BERDAHAK MNTL 100 ML;BTL;DBL 7204116137A1;NULL;NULL;6
1453;18;NULL;OBHC BATUK FLU ANAK APEL 60 ML;BTL;NULL;NULL;NULL;NULL
1454;18;NULL;OBHC BATUK FLU MADU 100 ML;BTL;NULL;NULL;NULL;NULL
1455;18;NULL;OBHC BATUK FLU MTHL 60 ML;BTL;NULL;NULL;NULL;NULL
1456;21;NULL;COSMOMED IV CATHETER WITH INJECTION PORT 20 G;PCS;NULL;NULL;NULL;NULL
1457;24;NULL;DECOLGEN KIDS;BTL;NULL;NULL;NULL;NULL
1458;24;NULL;ENERVON ACTIVE TAB 100'S;BOX;NULL;NULL;NULL;NULL
1459;24;NULL;ENERVON ACTIVE TAB 30'S;BOX;NULL;NULL;NULL;NULL
1460;24;NULL;NATUE E ACT BEAUTY NAT VIT E 300 IU 16'S;BOX;NULL;NULL;NULL;NULL
1461;24;NULL;NATUE E ACT BEAUTY NAT VIT E 300 IU 32'S;BOX;NULL;NULL;NULL;NULL
1462;24;NULL;NATUE E ACT BEAUTY NAT VIT E 300 IU 8'S;BOX;NULL;NULL;NULL;NULL
1463;24;NULL;NATUE E ACT BEAUTY PROTECT & GLOW 100 (CX);BOX;NULL;NULL;NULL;NULL
1464;24;NULL;NATUE E ACT BEAUTY PROTECT & GLOW 245 (CX);BOX;NULL;NULL;NULL;NULL
1465;24;NULL;NATUR E ADVANCED 32'S;BOX;NULL;NULL;NULL;NULL
1466;24;NULL;NATUR E SKIN START HBL MOIST 100 ML (DVL);BTL;NULL;NULL;NULL;NULL
1467;24;NULL;NATUR E SKIN START HBL MOIST 245 ML (DVL);BTL;NULL;NULL;NULL;NULL
1468;24;NULL;NATUR E SKIN START NAT VIT E 100 IU 8'S;BOX;NULL;NULL;NULL;NULL
1469;24;NULL;NEOZEP FORTE TAB'S 100;BOX;NULL;NULL;NULL;NULL
1470;24;NULL;NEW ENZYPLEX;BOX;NULL;NULL;NULL;NULL
1471;24;NULL;STOP COLD DRAGEE TAB'S 60'S;BOX;NULL;NULL;NULL;NULL
1472;24;NULL;SUPER TETRA SOFT CAPS 120'S;BOX;NULL;NULL;NULL;NULL
1473;27;NULL;FIESTA BLACK COFFEE 3'S;PACK;NULL;NULL;NULL;NULL
1474;27;NULL;FIESTA WATERMELON SUGAR 35;PACK;NULL;NULL;NULL;NULL
1476;43;NULL;CEFIXIME 100 MG PHARMALAB BOX BESAR 100 CAPS;BOX;NULL;NULL;NULL;NULL
1477;42;NULL;ACTIFED 60 ML;BTL;NULL;NULL;NULL;NULL
1478;42;NULL;ACTIFED PLUS COUGH SUPP 60 ML;BTL;NULL;NULL;NULL;NULL
1479;49;NULL;FASGO FORTE SYURP;BTL;NULL;NULL;NULL;NULL
1480;49;NULL;FASGO FORTE 650 MG;BOX;NULL;NULL;NULL;NULL
1483;49;NULL;CEFIXIME DS 100 MG 30ML HEXPARM;BTL;NULL;NULL;NULL;NULL
1484;95;NULL;TABLET TAMBAH DARAH BLS 100'S;BOX;NULL;NULL;NULL;NULL
1485;104;NULL;BISOLVON 8 MG TAB 100'S;BOX;NULL;NULL;NULL;NULL
1486;133;NULL;FACE MASK WITH EARLOOP GREY;BOX;NULL;NULL;NULL;NULL
1487;133;NULL;FACE MASK WITH EARLOOP GREEN;BOX;NULL;NULL;NULL;NULL
1488;112;NULL;MIMI MINYAK TELON 100 ML;BTL;NULL;NULL;NULL;NULL
1489;112;NULL;MIMI MINYAK TELON 50 ML;BTL;NULL;NULL;NULL;NULL
1490;136;NULL;HANSAPLAST ROL KAIN 1.25CM X 4.5M;PCS;NULL;NULL;NULL;NULL
1491;136;NULL;HANSAPLAST KAIN ELASTIS MIX 10'S;PCS;NULL;NULL;NULL;NULL
1492;136;NULL;HANSAPLAST KIDS FUN ANIMALS 10'S;PCS;NULL;NULL;NULL;NULL
1493;136;NULL;HANSAPLAST AQUA PROTECT 6'S;PCS;NULL;NULL;NULL;NULL
1494;136;NULL;HANSAPLAST ASEPTIK PEMBERSIH LUKA 40 ML;BTL;NULL;NULL;NULL;NULL
1495;136;NULL;HANSAPLAST KAIN ELASTIS MIX 20'S;PCS;NULL;NULL;NULL;NULL
1496;114;NULL;INFUSION SET NEW ADULT Y TIPE TOP POINT;PCS;NULL;NULL;NULL;NULL
1497;114;NULL;INFUSION SET PEDIATRIC Y TIPE TOP POINT;PCS;NULL;NULL;NULL;NULL
1498;137;NULL;PROTOS EXAM GLOVES POWDER S;BOX;NULL;NULL;NULL;NULL
1499;137;NULL;PROTOS EXAM GLOVES POWDER M;BOX;NULL;NULL;NULL;NULL
1500;136;NULL;HANSAPLAST KASA ROL ELASTIS 4M X 6CM;PCS;NULL;NULL;NULL;NULL
1501;136;NULL;HANSAPLAST KIDS FROZEN 10'S;PCS;NULL;NULL;NULL;NULL
1502;136;NULL;HANSAPLAST KOYO HANGAT RESEALABLE 10'S;PCS;NULL;NULL;NULL;NULL
1503;136;NULL;HANSAPLAST TRANSPARAN 10'S;PCS;NULL;NULL;NULL;NULL
1504;136;NULL;HANSAPLASTKAIN ELASTIS FINGER STRIPS 6'S;PCS;NULL;NULL;NULL;NULL
1505;79;NULL;DOMPERIDONE SUSP 60 ML NOVAPHARIN;BTL;NULL;NULL;NULL;NULL
1506;49;NULL;RANITIDINE 150 TAB HEXPH BOX 200;BOX;NULL;NULL;NULL;NULL
1507;133;NULL;FACE MASK WITH EARLOOP PINK;BOX;NULL;NULL;NULL;NULL
1508;42;NULL;ACTIFED PLUS COUGH SUPP 25 ML;BTL;NULL;NULL;NULL;NULL
1509;21;NULL;COSMOMED GP CARE BLOOD TRANSFUSION SET;PCS;NULL;NULL;NULL;NULL
1510;49;NULL;HEXAVASK 10 MG;BOX;NULL;NULL;NULL;NULL
1511;49;NULL;HEXAVASK 5 MG;BOX;NULL;NULL;NULL;NULL
1512;49;NULL;SONAMIN 100 KAPLET /BOX;BOX;NULL;NULL;NULL;NULL
1513;49;NULL;SVT TABLET SALUT SELAPUT 10 MG;BOX;NULL;NULL;NULL;NULL
1514;138;NULL;MECCAYA SALEP KULIT 88 6GR;POT;NULL;NULL;NULL;NULL
1515;58;NULL;INBION KAPSUL 10 @10 KAP;BOX;NULL;NULL;NULL;NULL
1516;127;NULL;SGM EKSPLOR 1 PLUS MADU 150 GR;BOX;NULL;NULL;NULL;NULL
1517;127;NULL;SGM EKSPLOR 1 PLUS MADU 900 G;BOX;NULL;NULL;NULL;NULL
1518;127;NULL;SGM EKSPLOR GAIN OPTIGROW VANILLA 800 GR;BOX;NULL;NULL;NULL;NULL
1519;127;NULL;NUTRINI DRINK POWDER 400 GR;KLG;NULL;NULL;NULL;NULL
1520;126;NULL;SCOTT'S EMILSION VITA 400 ML;BTL;NULL;NULL;NULL;NULL
1521;126;NULL;SCOTT'S EMULSION ORIGINAL 400 ML;BTL;NULL;NULL;NULL;NULL
1522;18;NULL;INSTO MOIST 7.5 ML;BTL;DTL 1438202146A1;NULL;NULL;6
1523;122;NULL;ANDALAN STRIP UJI KEHAMILAN (TEST PACK);PCS;AKL 20101815723;NULL;NULL;8
1524;35;NULL;MAGIC POWER CLASSIK DESIRE 6 ( TISUE MAGIC HITAM );BOX;NULL;NULL;NULL;NULL
1525;35;NULL;MAGIC POWER CRIMSON DESIRE 6 ( TISUE MAGIC MERAH );BOX;NULL;NULL;NULL;NULL
1526;128;NULL;LACTACYD ALL DAY CARE 150 ML;BTL;NULL;NULL;NULL;NULL
1527;66;NULL;VENTASAL;BOX;NULL;NULL;NULL;NULL
1528;77;NULL;SALBUGEN 4 MG - MULIA;BOX;NULL;NULL;NULL;NULL
1529;79;NULL;METHYLPREDNISOLON 16 MG NOVA;BOX;NULL;NULL;NULL;NULL
1530;108;NULL;IMBOOST COUGH KIDS SYR 60ML;BOX;NULL;NULL;NULL;NULL
1531;109;NULL;SOLVITA SYR 60 ML LEMON;BOX;NULL;NULL;NULL;NULL
1532;114;NULL;TP IV CATHTETER 24G X3/4;PCS;NULL;NULL;NULL;NULL
1533;139;NULL;ROMSON FOLEY BALLON CATH 3 WAY FG-24;PCS;NULL;NULL;NULL;NULL
1534;140;NULL;PHARMATON GO;BOX;NULL;NULL;NULL;6
1535;42;NULL;PANADOL COLD & FLU 100'S-BLISTER;BOX;NULL;NULL;NULL;NULL
1536;52;NULL;DOHIXAT ( DOXYCYCLIN ) 100 MG BOX CAPS;BOX;DKL 9709207601A1;NULL;NULL;39
1539;28;NULL;EASY TOUCH GLUCOSA STRIPS 25'S;BOX;NULL;NULL;NULL;11
1540;127;D079934N;NEOCATE LCP UPGRADED 400G;KLG;NULL;NULL;NULL;6
1541;127;D0146320N;NEOCATE JR UNF GX400G ID;KLG;NULL;NULL;NULL;6
1542;24;DANAVD16;NATUR E ADVANCED 16'S;BOX;NULL;NULL;NULL;6
1543;30;NULL;GENOINT SALEP KULIT 15 GR;TUBE;DKL 9306308330A1;NULL;NULL;8
1544;142;NULL;CATAFLAM 25 MG;BOX;DKL9930408316A1;NULL;NULL;26
1545;142;NULL;CATAFLAM 50 MG;BOX;DKL9930408316A1;NULL;NULL;26
1546;143;NULL;PI KANG SHUANG;TUBE;DKL1842200229A1;NULL;NULL;26
1547;141;NULL;POLYSILANE 100CC;BTL;DBL7821624233A1;NULL;NULL;26
1548;141;NULL;POLYSILANE TAB. KUNYAH 5X8 TAB;BOX;DBL7821624233A1;NULL;NULL;26
1549;141;NULL;PRORIS SY 60 ML;BTL;DTL9821620633A1;NULL;NULL;26
1550;82;NULL;KETOCONAZOLE CREAM 15 GR-NULAB;TUBE;GTL 1943002229A1;NULL;NULL;2
1551;11;NULL;GENTAMICIN SULFATE 0,1% KRIM 5 G BERNO;TUBE;GKL 2002362029A1;NULL;NULL;26
1552;123;NULL;CETAPHIL GENTLE SKIN CLEANSER 236 ML;BTL;NE11220700001;NULL;NULL;6
1553;128;NULL;LACTACYD BABY GENTLE CARE 150 ML;BTL;NA54230700001;NULL;NULL;6
1554;128;NULL;LACTACYD BABY GENTLE CARE 250 ML;BTL;NA54230700001;NULL;NULL;6
1555;104;NULL;BISOLVON 10MG/5ML;BTL;DTL1721206735A1;NULL;NULL;6
1556;127;NULL;SGM EKSPLOR 3 PLUS VANILA 900G;BOX;MD805011007116;NULL;NULL;6
1557;127;NULL;SGM ISOPRO SOY EKSPLOR 700G;BOX;M832012076019;NULL;NULL;6
1558;42;NULL;ACTIFED PLUS EXPECTORANT 60 ML;BTL;DTL1624504237A1;NULL;NULL;6
1559;15;NULL;EYEFRESH 5 ML;BTL;DTL0203808846A1;NULL;NULL;2
1560;42;NULL;ACTIFED PLUS EXPECTORANT 25 ML;BTL;DTL1624504237A1;NULL;NULL;6
1561;78;NULL;BETADINE ANTISEPTIC SOLUTION 30ML;BTL;PKD20501320859;NULL;NULL;6
1562;78;NULL;BETADINE ANTISEPTIC SOLUTION 60ML;BTL;PKD20501320859;NULL;NULL;6
1563;127;NULL;SGM EKSPLOR 3 PLUS MADU 400G;BOX;MD832012076019;NULL;NULL;6
1564;127;NULL;SGM ISOPRO SOY EKSPLOR VANILA 700G;BOX;MD382012077019;NULL;NULL;6
1565;107;NULL;AMOXICILIN SIRUP KERING 125MG/5 ML SELES;BTL;GKL 2236706638A1;NULL;NULL;23
1566;144;NULL;CETIRIZINE HCL SYR 60 ML SAMPHARINDO;BTL;GTL 1923415737A1;NULL;NULL;4
1567;115;NULL;PIROXICAM 10 MG BOX 100 TAB TRIFA;BOX;GKL 1325804110A1;NULL;NULL;8
1570;92;NULL;DEXTAMINE TAB 10X10;BOX;DKL 7219930204A1;NULL;NULL;26
1571;43;NULL;AMOXICILLIN 500MG/10X10PL;BOX;GKL1040700204A1;NULL;NULL;26
1572;103;NULL;SANMOL SYRUP;BTL;DBL7622235037A1;NULL;NULL;26
1573;103;NULL;SANMOL TAB;BOX;DBL7622235610A2;NULL;NULL;26
1574;108;NULL;IMBOOST BOX 50 TAB;BOX;POMSD071531991;NULL;NULL;4
1575;127;NULL;NUTRIDRINK POWDER 800G;KLG;MD251176000500385;NULL;NULL;6
1577;61;NULL;KALPANAX CREAM 5G;TUBE;DTL9711628129A1;NULL;NULL;26
1578;26;NULL;TENOFOVIR DISOPROXIL FUMARATE 300 MG DIPA;BOX;GKL 1902506909A1;NULL;NULL;8
1579;82;NULL;SILDENAFIL CITRATE 50 MG TAB 4X1'S NU LAB;BOX;GKL 2043006917A1;NULL;NULL;2
1582;118;NULL;FRESHCARE VAPOBALM MATCHA 10G;POT;NULL;NULL;NULL;25
1583;108;NULL;IMBOOST FORCE KIDS SYR 60ML;BTL;POM SD.031609591;NULL;NULL;4
1584;49;NULL;METFORMIN HCL 500 MG TAB HEXPARM;BOX;GKL0608513110A1;NULL;NULL;26
1585;49;NULL;AMOXICILLIN TRIHYDRATE/200 KAPLET HEXPARM;BOX;GKL038507904A1;NULL;NULL;26
1586;69;NULL;KINDEREN BABY BALSAM 12GR 10% MEDIKON;TUBE;POM TR 152788561;NULL;NULL;30
1587;137;NULL;PROTOS EXAM GLOVES POWDER L;BOX;AKD.10903410022;NULL;NULL;11
1588;21;NULL;COSMOMED UMBLICAL CORD CLAMP;BOX;AKD.10902221106;NULL;NULL;11
1589;146;311;311 Chromic 3/O HR-27,75cm;PCS;AKL.21603903302;NULL;NULL;11
1590;137;NULL;PROTOS SURGICAL STERIL POWDER FREE 7;PSG;AKD.11603410183;NULL;NULL;11
1591;137;NULL;PROTOS SURGICAL STERIL POWDER FREE 7,5;PSG;AKD.11603410183;NULL;NULL;11
1592;127;NULL;SGM EKSPLOR 3 PLUS COKLAT 900 G;BOX;MD 805011005116;NULL;NULL;6
1593;75;NULL;CARBAMAZEPINE 200 TAB BOX/100 MERSI;BOX;GKL 1433311410A1;NULL;NULL;8
1594;35;NULL;METHYL ERGOMETRINE MAL INJ 0,2 MG/100'S ETHICA;BOX/100;GKL 8106700443A1;NULL;NULL;6
1595;35;NULL;OXYTOCIN INJ 10IU/100'S ETHICA;BOX/100;GKL 8606703943A1;NULL;NULL;6
1596;103;NULL;SANMOL DROP 15 ML;BTL;DBL 9722221636A1;NULL;NULL;4
1597;49;NULL;CANDESARTAN 8 MG BOX/100 TAB HJ;BOX;GKL 2408520810B1;NULL;NULL;5
1599;37;NULL;ACARBOSE 100 MG FARENHEIT;BOX;NULL;NULL;NULL;8
1600;42;NULL;PANADOL EXTRA;BOX;DBL.9624502004AI;NULL;NULL;NULL
1601;15;NULL;CATARLENT 5 ML;BTL;DTL 7203812246A1;NULL;NULL;2
1602;15;NULL;AUGENTONIC 5 ML;BTL;DTL 7203812246A1;NULL;NULL;2
1603;115;NULL;ASAM FOLAT 400 MCG;BOX;NULL;NULL;NULL;8
1607;27;NULL;SUTRA GERIGI 12'S;PACK;AKL 21104127994;NULL;NULL;8
1608;27;NULL;FIESTA STRAWBERRY 3S;PACK;AKL 21104511288;NULL;NULL;8
1609;73;NULL;DIAZEPAM INJ 5MG/ML 10 AMPUL (MEPRO);BOX;GPL1515623743A1;NULL;NULL;8
1610;147;NULL;HARNAL OCAS;BOX/30;DKI 1120100414A1;NULL;NULL;6
1611;128;NULL;LACTACYD ALL DAY CARE NEW 250ML;BTL;NA54241600002;NULL;NULL;6
1612;61;NULL;KALBION;BOX;DBL7211621217A1;NULL;NULL;26
1613;61;NULL;PROMAG HERBAL;BOX;POM TR 152689381;NULL;NULL;26
1614;61;NULL;PROMAG SUSPENSI SACHET;BOX;DBL1111641033A1;NULL;NULL;26
1615;118;NULL;FRESHCARE MINYAK ANGIN KAYU PUTIH;BTL;POMQD183616721;NULL;NULL;25
1616;118;NULL;FRESH CARE SPORT 10 ML;BTL;POMQD123610821;NULL;NULL;25
1617;118;NULL;FRESHCARE MIX CITRUS;BTL;POMQD212625301;NULL;NULL;25
1618;118;NULL;HOTIN CREAM AROMA THERAPY 60 GR;TUBE;POMQD143712861;NULL;NULL;25
1619;118;NULL;HOTIN GO BTL 100 GR;BTL;POMQD227034741;NULL;NULL;25
1620;118;NULL;HOTIN GO STRONG BTL 100 GR;BTL;POMQD227034761;NULL;NULL;25
1621;69;NULL;WHITE NENG;TUBE;NA 18191906325;NULL;NULL;30
1622;127;NULL;NUTRIBABY ROYAL PEPTI 400 G;BOX;MD250976001600096;NULL;NULL;6
1623;130;NULL;TOPCILLIN 500MG TAB;BOX;DKL 8504401404A1;NULL;NULL;26
1624;148;NULL;ANTANGIN JRG + MADU;BOX;POM.HT.11260041;NULL;NULL;2
1625;148;NULL;ANTAGIN MINT;BOX;POM. TR.132672221;NULL;NULL;2
1626;148;NULL;OBH JUNIOR;BOX;POM.TR.112627151;NULL;NULL;2
1627;25;NULL;NORELUT 5MG@50 TAB;BOX;DKL 9905027910A1;NULL;NULL;1
1628;82;NULL;FLUNARIZINE 5 MG TAB 2X20'S -NU LAB;BOX;GKL 2343010710B1;NULL;NULL;2
1629;82;NULL;FLUCONAZOLE KAPSUL 150MG 10 TAB NU LAB;BOX;GKL1943002101A1;NULL;NULL;2
1630;15;NULL;CENDO CATARLENT 15ML;BTL;DKL7603811646A1;NULL;NULL;2
1631;15;NULL;CENDO HERVIS E 0 3,5 GR;TUBE;DKL 9603808031A1;NULL;NULL;2
1632;62;NULL;RETAPHYL SR 100 TAB;BOX;DKL 2544410306A1;NULL;NULL;3
1633;61;NULL;AMINOPED 6% 100 ML;SOFTBAG;DKL 2428407549A1;NULL;NULL;5
1634;58;NULL;HESMIN FILM COATED 30 TABLET;BOX;POM TR 192536581;NULL;NULL;5
1635;142;NULL;UPERIO FCT 200MG (BOX/28);BOX;DKI 17017004171C1;NULL;NULL;1
1636;142;NULL;UPERIO FCT 50MG (BOX/28);BOX;DKI 1701700417A1;NULL;NULL;1
1637;142;NULL;UPERIO FCT 100MG (BOX/28);BOX;DKI 1701700417B1;NULL;NULL;1
1638;11;NULL;FLUNARIZINE 5 MG @100 TAB BERNO;BOX;GKL 2002336610B1;NULL;NULL;26
1639;149;NULL;HYDROXYCHLOROQUINE SULFATE 200 MG 30 TAB FAH;BOX;GKL 2031545817A1;NULL;NULL;8
1640;30;NULL;DICLOFENAC SODIUM 50 MG 100 TAB ERELLA;BOX;GKL 1906318815A1;NULL;NULL;8
1641;30;NULL;CHLORAMPHENICOL TETES TELINGA 3% ERELLA;BTL;GKL 9106306948A1;NULL;NULL;8
1642;127;NULL;SGM ANANDA1 - 550 G;BOX;MD860412002019;NULL;NULL;6
1643;123;NULL;CETAPHIL BABY GTL WASH & SHAMPO 230ML;BTL;NC16160701226;NULL;NULL;6
1644;127;NULL;BEBELOVE 0-6 GREAT+ 175G;BOX;MD862209058204;NULL;NULL;6
1645;127;NULL;BEBELOVE 0-6 GREAT+ 800G;KLG;MD250976003600096;NULL;NULL;6
1646;35;NULL;FUROSEMIDE INJ 10MG/2ML 100 AMP;BOX;GKL1806718343A1;NULL;NULL;6
1647;24;NULL;VICEE FUN BERRIES GUMMY;BOX;MD242833019300276;NULL;NULL;6
1648;24;NULL;VICEE FUN TROPICAL TANGO GUMMY;BOX;MD242833019700276;NULL;NULL;6
1649;32;NULL;ERPHAFLAM TABLET SALUT GULA;BOX;DKL1006414216A1;NULL;NULL;2
1650;32;NULL;ERPEPSA SUSPENSI 100ML;BTL;DKL1906419933A1;NULL;NULL;2
1651;42;NULL;PANADOL EXTRA CAPLET 4’S;BLISTER;DBL9424502004A1;NULL;NULL;6
1652;24;VCA125;CARVILOL TABLET 25 MG;BOX;DKL 2004529710B1;NULL;NULL;6
1655;52;NULL;YUSIMOX 125MG (AMOXICILLIN) SYR BTL 60ML;BTL;DKL9909212438A1;NULL;NULL;4
1656;11;NULL;AMOXYCILLIN DRY SYR 100 MG/ML BERNO BTL 10 ML;BTL;GKL1802316238B1;NULL;NULL;4
1657;118;NULL;HOTIN CREAM STRONG BTL 60GR;BTL;NULL;NULL;NULL;25
1658;24;NULL;DECOLSIN SYRUP 60 ML;BTL;NULL;NULL;NULL;6
1659;55;NULL;SALBUTAMOL 2 MG IFI BOX 100 TAB;BOX;GKL 2009612310A1;NULL;NULL;4
1660;26;NULL;ATORVASTATIN 10 MG DIPA 100 CPL;BOX;GKL 2102506709C1;NULL;NULL;4
1661;26;NULL;ATORVASTATIN 20 MG DIPA BOX 100 CPL;BOX;GKL 1902506709A1;NULL;NULL;4
1662;116;NULL;TABLET TAMBAH DARAH TRIMAN BOX 100 TAB;BOX;GBL 2025906216A1;NULL;NULL;4
1663;88;NULL;PRO HES-130;SOFTBAG;NULL;NULL;NULL;30
1664;115;NULL;PIROXICAM 20 MG-TAB BOX/100 TRIFA;BOX;GKL1325804110B1;NULL;NULL;8
1665;122;NULL;SUNTIKAN KB ANDALAN 3 BULAN 1 ML;BOX;DKL 9907913343A1;NULL;NULL;8
1666;127;NULL;SGM EKS GAIN OPTIGROW VM 24X400 G;BOX;MD 271176001600385;NULL;NULL;6
1667;127;NULL;SGM EKS GAIN OPTIGROW VM 10X800 G;BOX;MD 271176001600385;NULL;NULL;6
1668;127;NULL;SGM ANANDA - 2 600 GR;BOX;NULL;NULL;NULL;6
1669;118;NULL;HOTIN CREAM BTL 60GR;BTL;POMQD.133711701;NULL;NULL;25
1670;112;NULL;IPI VITAMIN C TAB 45'S BTL;POT;POM SD 141546241;NULL;NULL;56
1671;112;NULL;NEO RHEUMACYL TAB 2/10'S FBX;BOX;DTL 1122702410B1;NULL;NULL;56
1672;79;NULL;EC- VITAMIN B1 100 TABLET NOVA;BOX;POM SD 161 548 551;NULL;NULL;16
1673;82;NULL;NORETHISTERONE TAB 3x10'S NULAB;BOX/30;GKL 2543011910A1;NULL;NULL;2
1674;150;NULL;MEDTEC COOL MAX SPRAY 100 ML;BTL;AKL20403321050;NULL;NULL;11
1675;24;NULL;CARVILOL 6,25 30 TAB;BOX;DKL 2004529710A1;NULL;NULL;6
1676;151;NULL;NORIT 40;PCS;POM TL 162500031;NULL;NULL;2
1677;11;NULL;AMOXICILLIN TRIHYDRATE DS 100MG/ML @10 BTL;BOX;GKL 1802316238B1;NULL;NULL;36
