id;nama;kota;alamat;contact_phone;contact_person;tipe;created_at;updated_at
1;RSUD KALABAHI;KAB. ALOR;Jl. Soetomo No.8 Kalabahi Kota Teluk Mutiara;+62 812-4291-2289;apt. GLORY DIANA ALIMAHI, S.Farm;RUMAH SAKIT;NULL;NULL
2;RSUD ATAMBUA;KAB. BELU;Jl Dr Soetomo - Kab. Belu;NULL;NULL;RUMAH SAKIT;NULL;NULL
3;RSUD KOMODO;KAB. MANGGARAI BARAT;Trans Ruteng - Labuan Bajo, Golo Bilas Komodo;+62 812-4632-6183;Ibu Melin;RUMAH SAKIT;NULL;NULL
4;RSUD LARANTUKA;KAB. FLORES TIMUR;Jl. Jendral Sudirman;082197215401;IBU VIVI LAMABELAWA;RUMAH SAKIT;NULL;NULL
5;DINKES LEMBATA;KAB. LEMBATA;Jl Trans Lembata Kompleks Perkantoran Batas Kota, Kab. Lembata;081236767560;Apt Aldegonda Nona;INSTANSI PEMERINTAH;NULL;NULL
6;PT ANNA PUTRA MANDIRI;KOTA KUPANG;Nusa Indah RT 14 RW 006 Kel Oepura Kec Maulafa, Kupang;081237485660;Eugenius Tonce;PBF;NULL;NULL
7;DINKES ALOR;KAB. ALOR;RT 006 RW 003 Mutiara, Teluk Mutiara Kab. Alor - Nusa Tenggara Timur;NULL;NULL;INSTANSI PEMERINTAH;NULL;NULL
8;DINAS KESEHATAN MANGGARAI TIMUR;KAB. MANGGARAI TIMUR;Lehong - Kab Manggarai Timur;NULL;NULL;INSTANSI PEMERINTAH;NULL;NULL
9;PT.GRAHA ISMAYA;NULL;Sultan Iskandar Muda Kav. No.24 RT 012 RW 015 Kel Pondok Pinang Kec. Kebayoran Lama;NULL;NULL;NULL;NULL;NULL
10;DINKES SABU;KAB. SABU RAIJUA;Jl Eltari, Menia Sabu Barat;NULL;NULL;INSTANSI PEMERINTAH;NULL;NULL
11;RUMAH SAKIT BERGERAK KAB ALOR;KAB. ALOR;Masang RT 008 RW 004, Welai Timur, Teluk Mutiara Kalabahi;-;Apt. Maria Kristin Primarti Barek Sabon, S.Farm;RUMAH SAKIT;NULL;NULL
12;RSUD KAB SABU RAIJUA;KAB. SABU RAIJUA;Jl.Seba Mania Sabu;085239354721;Apt Merina;RUMAH SAKIT;NULL;NULL
13;PUSKESMAS OESAO;KAB. KUPANG;Jl. Timor Raya Km. 27, Kec. Kupang Timur;NULL;Apt Richard Kia;PUSKESMAS;NULL;NULL
14;RSUD PROF. W. Z. JOHANES;KOTA KUPANG;Jl. Dr. Moch. Hatta No 19;085232399965;nurdin;RUMAH SAKIT;NULL;NULL
15;APOTEK SUMBER SEHAT;KAB. BELU;Jl. Sudirman No 28;081239138640;Apt Maria;APOTEK;NULL;NULL
16;APOTEK HANA FARMA;KAB. BELU;Jl. Raya Halilulik Pasar Lama;NULL;NULL;APOTEK;NULL;NULL
17;PT LEONA JAYA PERKASA (RSU LEONA);KOTA KUPANG;Jl. Soverdi No. 20 Kel. Oebufu Kec. Oebobo;085235816790;Apt Elviana Haki;RUMAH SAKIT;NULL;NULL
18;FAVORIT (APT. FAVORIT);KAB. BELU;Jl. Gajah Mada Ruko No Ix Kel. Beirafu Kec. Atambua Barat Kab. Belu;085396000969;APt Nur Padil;APOTEK;NULL;NULL
19;KLINIK PRATAMA BELU MORIS DIAK;KAB. BELU;Jl. Soekarno Kel. Bardao Kec.Atambua Barat Kab. Belu;NULL;Apt Virginia;KLINIK;NULL;NULL
20;PARAMEL (APOTEK PARAMEL);KAB. TIMOR TENGAH SELATAN;Jl. Ahmad Yani Km. 4 RT 21 RW 10 Desa Kesetnana Kec. Molo Selatan Kab. Tts;082330907677;Apt Yermi;APOTEK;NULL;NULL
21;ROYAL I (APOTEK ROYAL FARMA);KAB. MALAKA;Desa Wehali Kec. Malaka Tengah Kab. Malaka;NULL;Apt Julia;APOTEK;NULL;NULL
22;RSUD MGR. GABRIEL MANEK, SVD ATAMBUA;KAB. BELU;Jl. Dr. Soetomo No.2 Kel. Tenukiik Kec. Kota Atambua Kab. Belu;082146474994;Apt Irene;RUMAH SAKIT;NULL;NULL
23;TOB SANTA MEDIKA;KAB. KUPANG;Jl. Oesao-Oekabiti RT/RW 028/009 Kec. Kupang Timur;081337022846;Natalisna;TOKO OBAT;NULL;NULL
24;RSUD KAB TIMOR TENGAH SELATAN;KAB. TIMOR TENGAH SELATAN;Jl Bougenville No 7 Soe;085239072297;Apt Vony;RUMAH SAKIT;NULL;NULL
25;APOTEK TRISELY;KOTA KUPANG;Jl H.R. Koroh No 71 RT 035 RW 014;081339673093;Serlibrina W. Turwewi., S. Farm., M.Si., Apt;APOTEK;NULL;NULL
26;UPTD PUSKESMAS MANUTAPEN;KOTA KUPANG;Jl. Pelajar No 32 RT 001 RW 001 Manutapen Alak;NULL;NULL;PUSKESMAS;NULL;NULL
27;APOTEK KAMILYANE;KOTA KUPANG;Jl. Ahmad Yani No 83 A-B;+62 822-3610-6610;ITHA;APOTEK;NULL;NULL
28;RS. St. Carolus Boromeus;KOTA KUPANG;Jl. Hr. Koroh Km 08 Kel Bello Kec Maulafa;081328816635;Apt MM Siwi Wantina;RUMAH SAKIT;NULL;NULL
29;RST WIRASAKTI KUPANG;KOTA KUPANG;Jl. Moch. Hatta No 11-19 Kel Oetete Kec Oebobo;081338643271;Apt Maria H. Olivia;RUMAH SAKIT;NULL;NULL
30;APOTEK SEHAT 2;KAB. MALAKA;Jl. Tubaki, RT 014 RW006, Desa Wahali, Kec Malaka Tengah;08124403595;Apt Maria Elvina;APOTEK;NULL;NULL
31;RSUD AERAMO;KAB. NAGEKEO;Jl. Prof W.Z. Yohanes Desa Aeramo, Kec Asesa, Kab. Nagekeo;082144419559;apt. Inggrid Yosefa Jue Wafe, S.Farm;RUMAH SAKIT;NULL;NULL
32;APOTEK FINA FARMA;KAB. TIMOR TENGAH SELATAN;Jl. Penjaitan RT 010 RW 004 Kel Taubneno Kec. Kota Soe;081321265221;Apt Primadewi;APOTEK;NULL;NULL
33;RSUD KEFAMENANU;KAB. TIMOR TENGAH UTARA;Jl. Letjen Seoprapto;082324618655;apt. MARIA B.P.SARTI GAWEN,S.Farm;RUMAH SAKIT;NULL;NULL
34;RS BHAYANGKARA KUPANG;KOTA KUPANG;Jl. Nangka No 84 Oebobo;081238963115;Apt Thesa;RUMAH SAKIT;NULL;NULL
35;PT ALLMENDO FARMA MANDIRI (APT. ALLMENDO);KOTA KUPANG;Jl. Timor Raya RT 24 RW 06 Kel. Lasiana;081236619699;MERSI;APOTEK;NULL;NULL
36;APOTEK SAHABAT;KAB. KUPANG;Jl. Timor Raya Km 35 Naibonat;081237313340;Apt Winda;APOTEK;NULL;NULL
37;APOTEK PONDOK SEHAT;KOTA KUPANG;Jl. R. W. Monginsidi III;NULL;NULL;APOTEK;NULL;NULL
38;APOTEK SURYA FARMA;KAB. TIMOR TENGAH UTARA;Jl. Soekarno Kefamenanu No 9;082339562033;Apt Olivia;APOTEK;NULL;NULL
39;APOTEK RAYA FARMA;KOTA KUPANG;Jl. Bundaran Pu No. 16-63 Kel. Tuak Daun Merah Kec. Oebobo;NULL;NULL;APOTEK;NULL;NULL
40;PT. KARTINI MEDIKAL KUPANG (RS KARTINI);KOTA KUPANG;Jl. Frans Seda RT 030 RW 007 Kel Tuak Daun Merah;082339707018;APT YUYUN;RUMAH SAKIT;NULL;NULL
41;APOTEK MONALISA;KAB. TIMOR TENGAH SELATAN;Jl. Matani No.3, Kel Kota Baru, Kec Kota Soe;082341344977;Apt Lani Lir;APOTEK;NULL;NULL
42;APOTEK RASI FARMA;KAB. TIMOR TENGAH SELATAN;Jl. Jurusan Oekabiti Kel Oesao Kec Kupang Timur, Kab. Kupang;NULL;NULL;APOTEK;NULL;NULL
43;APOTEK WATATUKU ALOR;KAB. ALOR;Jl. Soekarno Hatta No. 03 RT.002/RW.001 Kel. Welai Timur Kec. Teluk Mutiara;082144143695;Apt Margerita;APOTEK;NULL;NULL
44;APOTEK KAIROS OEBUFU;KOTA KUPANG;Jl. W.J. Lalamentik -Oebufu;082140337518;Apt Priska Riwu;APOTEK;NULL;NULL
45;APOTEK K24 LALAMENTIK;KOTA KUPANG;Jl. W. J. Lalamentik No. 95;081238482165;Apt. Veronika E. Manggo;APOTEK;NULL;NULL
46;APOTEK MULIA JAYA FARMA;KOTA KUPANG;Jl. Thamrin No.67 RT.029 RW.008 Kel. Kayu Putih Kec. Oebobo;NULL;NULL;APOTEK;NULL;NULL
47;APOTEK KAIROS PERUMNAS;KOTA KUPANG;Jln. Ainia Raya 1 Perummnas Kel. Nefonoek Kota Kupang;082275099425;apt. Yulia Kristyanti, M.Farm;APOTEK;NULL;NULL
48;APOTEK MATTHEW;KOTA KUPANG;Jl. Pahlawan No. 14 Kel Nunhila Kec. Alak;081393802792;apt. Prisilia Jeqline Rasubala, S.Farm;APOTEK;NULL;NULL
49;APOTEK MARTHA FARMA;KAB. KUPANG;Jl.Timor Raya Km 25 Babau, Kupang Timur;081339877970;Apt Yoan;APOTEK;NULL;NULL
50;APOTEK RAPHA FARMA;KAB. KUPANG;Jl. Timor Raya Km 33 RT 13 RW 006 Kel Naibonat Kec. Kupang Timur;NULL;NULL;APOTEK;NULL;NULL
51;RSUD S. K. LERIK;KOTA KUPANG;Jl. Timor Raya RT 012 RW 004, Pasir Panjang, Kota Kupang;081239513262;Ibu Yoan;RUMAH SAKIT;NULL;NULL
52;APOTEK DD KLINIK KUPANG;KOTA KUPANG;Jl. Pahlawan No. 28 RT. 006 RW. 002 Kel. Nunhila Kec. Alak;0813 9359 0547;Apt. Nur Atik Hidayah, S.Farm;APOTEK;NULL;NULL
53;RS MAMAMI;KOTA KUPANG;Jl. W. Monginsidi No. 03 Kel Pasir Panjang Kec. Kelapa Lima;081232166010;Apt Nurul;RUMAH SAKIT;NULL;NULL
54;APOTEK ROSE SHINE FARMA;KAB. KUPANG;Jl.Timor Raya RT 007 RW. 003 Tarus Kupang Tengah;NULL;NULL;APOTEK;NULL;NULL
55;APOTEK 3R;KOTA KUPANG;Jl. Ukitau RT 019 RW 05, Liliba;+62 821-4528-9545;DHY;APOTEK;NULL;NULL
56;APOTEK MEDISAN;KOTA KUPANG;Jl. A Baitanu No. 5 Kel. Alak;082266204667;apt. Natasya W. Baria, S.Farm;APOTEK;NULL;NULL
57;APOTEK OC FARMA;KOTA KUPANG;Jl. Shopping Center, Kel. Fatululi Kec Oebobo;082144777512;Apt. Oce Yuliana Boymau;APOTEK;NULL;NULL
58;APOTEK BAHARI;KOTA KUPANG;Jl. Pahlawan Kel. Namosain Kec. Alak;081353624206;Apt. Yora R. SInale, S.Farm;APOTEK;NULL;NULL
59;APOTEK MITRA FARMA;KAB. MALAKA;Jl. Bei Abuk Desa Wehali Kec. Malaka Tengah;081238711515;Apt Maria;APOTEK;NULL;NULL
60;APOTEK VITA FARMA;KAB. BELU;Jl. Adi Sucipto No 53 RT 018 RW 006 Kel Tenukiik, Kec Kota Atambua;NULL;NULL;APOTEK;NULL;NULL
61;KLINIK SANTA MARIA NIRMALA;KAB. TIMOR TENGAH UTARA;Jl. Ahmad Yani Kel Kefa Selatan;NULL;NULL;KLINIK;NULL;NULL
62;APOTEK BEKAWAII;KOTA KUPANG;Jl Adisucipto RT. 009/RW.004 Kel. Penfui Kec. Maulafa;081547251112;Apt Maria Normalita;APOTEK;NULL;NULL
63;APOTEK KEFA FARMA;KAB. TIMOR TENGAH UTARA;Jl. Soekarno Kel. Kefa Tengah Kec. Kota Kefamenanu;081339473815;Apt Emerentiana;APOTEK;NULL;NULL
64;KLINIK UTAMA SINT KAMILUS;KAB. KUPANG;Jl. Hati Tanu No 25A Oeltua Kel Taebenu Kec Kupang Timur;082119786532;Apt Ivana Vivian Lay;KLINIK;NULL;NULL
65;APOTEK HARAPAN;KAB. BELU;Jln. D. C Saudale, Kel Beirafu Kec Atambua Barat;+62 821-2707-7515;DANIEL SERAN;APOTEK;NULL;NULL
66;APOTEK HARAPAN I;KAB. MALAKA;Jl. Raya Kletek Kec Malaka Tengah;081223991001;Apt Yulita Fahik;APOTEK;NULL;NULL
67;APOTEK ANDREAS;KAB. MALAKA;Fahikula, RT 020 RW 010 Desa Fahikula Kec Malaka Tengah;085335267593;Apt Marselina;APOTEK;NULL;NULL
68;APOTEK APOLLO MEDIKA;KOTA KUPANG;Jl. Dr. Prof. Herman Johanes, Penfui;NULL;Apt. Ni Made Santi, S.Farm;APOTEK;NULL;NULL
69;RSUD DR. T. C. HILLERS MAUMERE;KAB. SIKKA;Jl. Wairklau, Kota Uneng, Alok;08113329640;Kalmadine L. Deny, S. Farm., Apt;RUMAH SAKIT;NULL;NULL
70;APOTEK SION FARMA;KOTA KUPANG;Jl. W. J. Lalamentik 8A Kel. Oebufu Kec. Oebobo;08123771148;Apt Agustinus Sally;APOTEK;NULL;NULL
71;APOTEK GEMMA GALGANI;KOTA KUPANG;Jl. Farmasi RT 16 RW 10 Kel Liliba Kec Oebobo;+62 812-3619-8504;apt aline;APOTEK;NULL;NULL
72;PUSKESMAS POTO;KAB. KUPANG;Jl.Jurusan Naikliu, Desa Poto Kec Fatuleu Barat;081237427323;Apt Maria Erni;PUSKESMAS;NULL;NULL
73;APOTEK DEO GRATIAS FARMA;KAB. KUPANG;Jl. Timor Raya Km 27 Oesao;082236992466;Apt Petrus Neno;APOTEK;NULL;NULL
74;APOTEK KAIROS FARMA OESAPA;KOTA KUPANG;Jl. Sam Ratulangi Raya No 12 Oesapa Barat;08123670225;Apt Yulius Korassa;APOTEK;NULL;NULL
75;APOTEK SAHABAT FARMA;KAB. KUPANG;Jl. Timor Raya Km 28 Oesao;081337155510;Apt Ivon;APOTEK;NULL;NULL
76;APOTEK DOME;KOTA KUPANG;Jl. Fetor Funay RT 008 RW 003 Kel Naikolan Kec Maulafa;081216887918;Apt Nita;APOTEK;NULL;NULL
77;RSUD NAIBONAT;KAB. KUPANG;Jl. Timor Raya Km 37 Oelamasi Kec Kupang Timur;082236123949;Apt Gracia;RUMAH SAKIT;NULL;NULL
78;APOTEK PELITA KASIH;KOTA KUPANG;Jl. Frans Seda No 65 Kel Kelapa Lima Kec Kelapa Lima;082144751898;Apt Diana Yulita;APOTEK;NULL;NULL
79;RS SANTO GABRIEL KEWAPANTE;KAB. SIKKA;Jl. Raya Kewapante-Watubalpi RT 002 RW 001 Desa Namangkewa Kec Kewapante;0895362433213;Sr.apt. Maria magdalena Naring, SSpS, S.Farm;RUMAH SAKIT;NULL;NULL
80;DINAS KESEHATAN KOTA KUPANG;KOTA KUPANG;Jl. S.K Lerik Kec Kelapa Lima Kel. Kelapa Lima;NULL;NULL;INSTANSI PEMERINTAH;NULL;NULL
81;APOTEK MARCH MEDIKA;KOTA KUPANG;Jl. H.R. Koroh No 7 Sikumana;NULL;NULL;APOTEK;NULL;NULL
82;APOTEK CENDANA;KOTA KUPANG;Jl.R.W. Mongensidi Blok A No.1;085792882977;Apt Maria;APOTEK;NULL;NULL
83;UPTD RUMAH SAKIT JIWA NAIMATA;KOTA KUPANG;Jl. Taebenu RT. 007 RW. 003 Naimata;085239340240;Apt Salmon DOko Rehi;RUMAH SAKIT;NULL;NULL
84;APOTEK SUMBER OBAT;KAB. MALAKA;Jl. Betun Kota RT 012 RW 008 Desa Wehali Kec. Malaka Tengah;081353933466;Apt Maria Yosefa;APOTEK;NULL;NULL
85;APOTEK KIM MEDIKA;KOTA KUPANG;Jl. Jalur 40 Kel. Manulai Ii Kec. Alak;081237199919;Apt Heryani;APOTEK;NULL;NULL
86;APOTEK BERLIAN;KAB. TIMOR TENGAH UTARA;Jl. Km 09 Desa Naiola Kec Bikomi Selatan;081236850080;Apt Maria B.;APOTEK;NULL;NULL
87;APOTEK BETESDA;KAB. BELU;Jl. Soekarno Hatta RT. 016 RW 006 Kel. Atambua Kec. Kota Atambua;082340149253;Apt FIrmina;APOTEK;NULL;NULL
88;APOTEK KASIH BUNDA;KOTA KUPANG;Jl. Cak Doko Kel. Oebobo Kec. Oebobo;081238664060;Apt Maria Adelina;APOTEK;NULL;NULL
89;APOTEK GOPALA;KOTA KUPANG;Jl. Cak Doko No 28 E Kel. Oebobo Kec. Oebobo;085229080690;APt Ni Nyoman;APOTEK;NULL;NULL
90;APOTEK K24 AHMAD YANI;KOTA KUPANG;Jl. Ahmad Yani No 58;NULL;NULL;APOTEK;NULL;NULL
91;APOTEK HAWOO;KAB. TIMOR TENGAH UTARA;Jl. Sonbay, RT 030 RW 012, Kel. Kefamenanu Tengah, Kec. Kota Kefamenanu;NULL;NULL;APOTEK;NULL;NULL
92;APOTEK SETIA FARMA;KOTA KUPANG;Jl. Timor Raya Km 10 Kel. Oesapa Kec. Kelapa Lima;087751760888;Apt Chindy;APOTEK;NULL;NULL
93;APOTEK RIBY;KAB. TIMOR TENGAH SELATAN;Jl. Bougenville No 06 RT 003 RW 002 Kel Soe, Kec. Kota Soe;081353279013;Apt Adinda Balelay;APOTEK;NULL;NULL
94;CV FAJAR SENTOSA;KOTA KUPANG;Jl A. Yani No. 4;081329292995;Eny;TOKO OBAT;NULL;NULL
95;APOTEK SARAH;KAB. TIMOR TENGAH SELATAN;Jl. Eltari No 15 Kel. Kampung Baru, Kec Kota Soe;+62 852-2589-6104;apt. Muni N. Naiola, S.Farm;APOTEK;NULL;NULL
96;APOTEK ANGELICA FARMA;KAB. TIMOR TENGAH UTARA;Jl. KaRTini, Tanah Putih, Kel. Kefa Tengah Kec Kota Kefamenanu;+62 822-6441-4768;Apt.ROSARIA WILIA ANGELICA LEBA.S.Farm;APOTEK;NULL;NULL
97;APOTEK ZAHRA FARMA;KAB. SUMBA BARAT;Jl. Sudirman No 2 Kel. Komerda Kec. Kotawaikabubak;081230362003;Apt Ni Nyoman;APOTEK;NULL;NULL
98;APOTEK DUA SATU FARMA;KAB. TIMOR TENGAH UTARA;Jl. Eltari Kel Maubeli Kec Kota Kefamenanu;+62 813-5731-7857;APT KEVIN SAEKOKO;APOTEK;NULL;NULL
99;APOTEK NUSA INDAH;KAB. TIMOR TENGAH SELATAN;Jl. Cabang Oinlasi Nobi-Nobi Kec Amanuban Tengah;085284132236;Apt Kumairoh;APOTEK;NULL;NULL
100;APOTEK RYVONI;KAB. MALAKA;Jl. Fafoe B, RT 002 RW 001 Desa Fafoe Kec Malaka Barat;NULL;NULL;APOTEK;NULL;NULL
101;APOTEK GRACIANA;KOTA KUPANG;Jl. Sumatera No. 24 RT.015 RW.004 Kel. Fatubesi Kec. Kota Lama;081339102000;Apt Renijuftri Lobo Huki, S.Farm;APOTEK;NULL;NULL
102;APOTEK K24 TIMOR RAYA;KOTA KUPANG;Jl. Timor Raya Km. 09 Kel. Oesapa Kec. Kelapa Lima;+62 813-9065-2878;APT ENNY WAHYU SUSILOWATI, S.FARM;APOTEK;NULL;NULL
103;APOTEK GARUDA;KOTA KUPANG;Jl. Garuda No 2 Kupang;085237135113;HELEN;APOTEK;NULL;NULL
104;APOTEK SETIA FARMA (OESAPA);KOTA KUPANG;Jl. Timor Raya Km 09 Kel. Oesapa Kec. Kelapa Lima;087751760888;Apt Nur Oktavia;APOTEK;NULL;NULL
105;RSUP DOKTER BEN MBOI;KOTA KUPANG;Jl. Viquam Manulai Ii Alak Kota Kupang NTT 85328;0380 8460999;Apt Andry;RUMAH SAKIT;NULL;NULL
106;APOTEK KASIH;KOTA KUPANG;Jl. Sam Ratulangi I Walikota RT 032 RW 014;082341606451;apt imanuel rupiasah;APOTEK;NULL;NULL
107;APOTEK PALEM;KAB. TIMOR TENGAH UTARA;Jl. El Tari Km 7 Kel. Sasi Kec Kota Kefamenanu;+62 852-3926-9669;apt. Petrus Selestinus Ukat, S.Farm;APOTEK;NULL;NULL
108;APOTEK SEHAT 3;KAB. MALAKA;Desa Weoe Kec. Wawiku Kab. Malaka;081213562938;Apt Dulce;APOTEK;NULL;NULL
109;TOB EVELYNE;KAB. TIMOR TENGAH UTARA;Jl. Ahmad Yani Kel. Kefa Selatan;082144774834;Apt Ansi;TOKO OBAT;NULL;NULL
110;APOTEK K24 OEBUFU;KOTA KUPANG;Jl. Perintis Kemerdekaan Ii RT 023 RW 008 Kel Oebufu;082133581808;ELIZABETH CEKARUS;APOTEK;NULL;NULL
111;APOTEK FANDA FARMA;KAB. TIMOR TENGAH SELATAN;Jl. Ahmad Yani No. 56 Kec. Kota Soe;0.082337299788;Apt Putri;APOTEK;NULL;NULL
112;APOTEK FANDA FARMA III;KAB. TIMOR TENGAH SELATAN;Jl. Ki Hajar Dewantara No. 1 RT.004/RW.002 Kel. Taubneno Kec. Kota Soe;082 146112707;apt. Audri Mardiana Kase, S.Farm;APOTEK;NULL;NULL
113;APOTEK FANDA FARMA IV;KAB. TIMOR TENGAH SELATAN;Jl. Gajah Mada Desa Kesetnana Kec. Mollo Selatan;085239209788;apt. Shayla Bela Wati Kase Lie, S.Farm;APOTEK;NULL;NULL
114;APOTEK NK FARMA;KAB. MALAKA;Jl. Dusun Laenkbet RT 008 RW 004 Desa Umalawain Kec Weliman;085239098054;Apt Yoan;APOTEK;NULL;NULL
115;APOTEK CRISTAL FARMA TDM;KOTA KUPANG;Jl. Bundaran Pu No 22 Tdm;85332109623;Apt Alegria;APOTEK;NULL;NULL
116;APOTEK AGNESIA FARMA;KAB. TIMOR TENGAH UTARA;Jl. Ahmad Yani Kel Tubuhue Kec Kota Kefamenanu;082386890015;Apt.IZABELA AMBROSIA PAREIRA, S.Farm;APOTEK;NULL;NULL
117;APOTEK K24 PASAR BARU ATAMBUA;KAB. BELU;Jl. Pramuka No 8 Pasar Baru Atambua;081239128924;Apt Laurensia Bria;APOTEK;NULL;NULL
118;APOTEK K24 KUANINO;KOTA KUPANG;Jl. Jendral Sudirman No 88A Kuanino Kota Raja;082147474851;Apt Maria;APOTEK;NULL;NULL
119;APOTEK ANASTA FARMA;KAB. TIMOR TENGAH SELATAN;Jl. Soeharto Terminal Lama, Kel Oekefan, Kec Kota Soe;081338158399;Ibu Valentine;APOTEK;NULL;NULL
120;APOTEK CRYSTAL FARMA OEPURA;KOTA KUPANG;Jl. Amabi Tofa No 94, Maulafa;NULL;NULL;APOTEK;NULL;NULL
121;APOTEK AGUNG FARMA;KOTA KUPANG;Jl. Jendral Sudirman No 88;082146165251;Apt Maria Horang;APOTEK;NULL;NULL
122;APOTEK SONBAI;KOTA KUPANG;Jl. Untung Suropati RT 012 RW 004 Kel Bakunase Kec Kota Raja;08123697025;apt. Yulia Kristyanti, M.Farm;APOTEK;NULL;NULL
123;APOTEK RILEX FARMA;KOTA KUPANG;JLN. UNTUNG SUROPATI, Desa/Kelurahan Bakunase, Kec. Kota Raja,;082237595952;apt. Agatha Oktaviana Magi Mude, S.Farm;APOTEK;NULL;NULL
124;PT. TRI TUNGGAL GEMILANG (RS LEONA KEFA);KAB. TIMOR TENGAH UTARA;Jl. EL Tari Km 05 Kefa;081226058608;Apt Benta Kolo;RUMAH SAKIT;NULL;NULL
125;APOTEK CRISTAL FARMA LALAMENTIK;KOTA KUPANG;Jl. W. J. Lalamentik No. 23;081333201110;Apt Tessarina;APOTEK;NULL;NULL
126;APOTEK SITO FARMA;KAB. BELU;Jl. Kihajar Dewantoro No 15 Kel. Tulamalae, Kec. Atambua Barat;NULL;Apt Veronika;APOTEK;NULL;NULL
127;APOTEK GERAI SEHAT;KAB. SUMBA BARAT DAYA;Jl. Radamata Desa Kalena Wano RT 01 RW 01 Kec Kota Tambolaka;081328345381;Apt Porfianus;APOTEK;NULL;NULL
128;APOTEK KIMIA FARMA TDM;KOTA KUPANG;Jl. Perintis Kemerdekaan RT 025 RW 006 Kel. Tdm, Kec. Oebobo;NULL;NULL;APOTEK;NULL;NULL
129;RS. KRISTEN LENDE MORIPA;KAB. SUMBA BARAT;Jl. El Tari No 2, Kampung Sawah, Waikabubak;081337157691;apt. Novita Rambu Ana Djawa, S.Farm;RUMAH SAKIT;NULL;NULL
130;APOTEK TUJUH PULAU;KAB. BELU;Jl. Mohamad Yamin Km. 1 RT 014 RW 004 Rinbesi;081227744551;Apt Aksamina;APOTEK;NULL;NULL
131;RUMAH SAKIT KARITAS;KAB. SUMBA BARAT DAYA;Jl. Bulgur No 1 Weetabula Kota Tambolaka;081547464407;ap. Lusia Arista Rasi, S.Farm.;RUMAH SAKIT;NULL;NULL
132;APOTEK MOEARA;KAB. SUMBA TIMUR;Jl. Patimura, RT 003 RW 002 Kel Kambaniru Kec. Kambera;085205460701;Apt Nining;APOTEK;NULL;NULL
133;APOTEK FAMILY;KAB. MALAKA;Sukabi Hanawa, Desa Kamanasa, Kec Malaka Tengah;081337979249;Apt Fransiska;APOTEK;NULL;NULL
134;PUSKESMAS TAKARI;KAB. KUPANG;Jl. Timor Raya Km 68, Takari;NULL;NULL;PUSKESMAS;NULL;NULL
135;RUMAH SAKIT SITO HUSADA;KAB. BELU;Jl. Kihajar Dewantoro No 15 Kel Bardao, Kec. Atambua Barat;082236218123;Apt Melinda Rosita;RUMAH SAKIT;NULL;NULL
136;APOTEK CAHAYA SIMPANG;KAB. SUMBA BARAT DAYA;Jl. Simoang Ombarade, Wewewa Tengah;085230421537;Apt Yulius;APOTEK;NULL;NULL
137;APOTEK APRIL FARMA;KOTA KUPANG;Jl. Amabi No 32 RT 007 RW 003;NULL;NULL;APOTEK;NULL;NULL
138;APOTEK CRISTAL FARMA A. YANI;KOTA KUPANG;Jl. A. Yani No 55 RT 03 RW 01;081339040336;APt Erminda Sedo;APOTEK;NULL;NULL
139;APOTEK ASRI FARMA;KOTA KUPANG;Jl. Pahlawan RT 016 RW 05 Nunbaun Sabu Kec Alak;082133290463;yohanes;APOTEK;NULL;NULL
140;PT KRISOLIS JAYA MANDIRI CAB. KUPANG;KOTA KUPANG;Jl. Veteran No RT 014 RW 001 Kel. Fatululi Kec. Oebobo;+62 822-3551-5562;YONITA;RUMAH SAKIT;NULL;NULL
141;APOTEK SHILOH FARMA;KAB. SUMBA TIMUR;Kelurahan Lewa Paku, Kec Lewa , Sumba Timur;NULL;NULL;APOTEK;NULL;NULL
142;RSUD LEWOLEBA;KAB. LEMBATA;Jalan Trans Lembata, Kel. Lewoleba Timur, Kec Nubatukan;+62 813-3904-7100;IBU IMA;RUMAH SAKIT;NULL;NULL
143;APOTEK K24 SOE;KAB. TIMOR TENGAH SELATAN;Jl. Diponegoro No. 22 Kampung Baru Kota Soe;081231210922;Apt Anselle;APOTEK;NULL;NULL
144;APOTEK LISA FARMA;KAB. TIMOR TENGAH UTARA;Jl. Sisingamangaraja Kel Benpasi Kec Kota Kefamenanu;NULL;NULL;APOTEK;NULL;NULL
145;APOTEK KARTINI NAIMATA;KOTA KUPANG;Jl. Taebenu No 17 Naimata;082146001662;SEMARTY;APOTEK;NULL;NULL
146;APOTEK MARVIN FARMA;KAB. TIMOR TENGAH UTARA;Jl. Eltari Km 4, Kel. Maubeli, Kec Kota Kefamenanu;081290571149;Apt Agustinus;APOTEK;NULL;NULL
147;APOTEK WINNER;KAB. SUMBA TIMUR;Jl. Diponegoro No 21 RT 005 RW 002 Kel Hambala, Kec. Kota Waingapu;081339304384;Apt Feli;APOTEK;NULL;NULL
148;APOTEK GRALIEN FARMA;KOTA KUPANG;Jl. Yos Sudarso, Kel Namosain, Kec Alak;NULL;NULL;APOTEK;NULL;NULL
149;RSPP BETUN;KAB. MALAKA;Jl. Sukabihanawa, Desa Kamanasa Kec. Malaka Tengah;082141202030;apt.Aqustina Hutriani Pandung, S.Farm;RUMAH SAKIT;NULL;NULL
150;APOTEK MENTARI;KAB. BELU;Jl. Vetor Lidak RT 004 RW 002 Kel. Beirafu, Kec Atambua Barat;082134117398;Apt Neni Mau;APOTEK;NULL;NULL
151;APOTEK RIA FARMA;KAB. MALAKA;Jl. Weoe C RT 002 RW 002 Desa Weoe Kec Wewiku;082210078187;Apt Yanuaria;APOTEK;NULL;NULL
152;APOTEK BOLANG FARMA;KAB. BELU;Jl. Dusun Nusikun RT 001 RW 001 Kel Naitimu Kec. Tasifeto Barat;081338898173;Apt Maria Yustina;APOTEK;NULL;NULL
153;UPTD PUSKESMAS ALAK;KOTA KUPANG;Jl. Sangkar Mas No 1A, Kel. Nunbaun Sabu, Kec Alak;NULL;NULL;PUSKESMAS;NULL;NULL
154;APOTEK SINAR INDAH;KAB. BELU;Jl. I. J Kasimo-Tini, Kel. Manuaman, Kec. Atambua Selatan;085230818886;Apt Rosita;APOTEK;NULL;NULL
155;DINAS KESEHATAN KAB MANGGARAI;KAB. MANGGARAI;JL. AHMAD YANI NO 11 RUTENG- MANGGARAI;NULL;NULL;INSTANSI PEMERINTAH;NULL;NULL
156;APOTEK CRYSTAL FARMA KUANINO;KOTA KUPANG;Jl. Jendral Sudirman No. 125 A Kel Kuanino Kec. Kota Raja;NULL;NULL;APOTEK;NULL;NULL
157;APOTEK ROTE FARMA;KAB. ROTE NDAO;Jl. Raya Ba'A Busulangga Kel. Namodale Kec. Lolabalin;082247082928;Apt Yureksi;APOTEK;NULL;NULL
158;KLINIK PRATAMA ST YOSEPH MERDEKA;KOTA KUPANG;Jl. A. Yani No 52A Kel. Tode Kisar, Kec Kota Lama;081237644578;Sr. Maria Alfonsa Seuk Klau. SSpS;KLINIK;NULL;NULL
159;APOTEK KASIH BUNDA WAIKABUBAK;KAB. SUMBA BARAT;Jl. Rsud Waikabubak Kel. Dira Tana Kec. Loli;08124650094;Apt Adrian;APOTEK;NULL;NULL
160;APOTEK KARTINI BTN;KOTA KUPANG;Jl. Fetor Foenay No.9;-;Apt. CICILIA NADYA BULI, S.Farm;APOTEK;NULL;NULL
161;APOTEK KOMPLIT FARMA;KAB. BELU;Jl. Bei Abuk RT 025 RW 010 Desa Wehali Kec. Malaka Tengah;NULL;NULL;APOTEK;NULL;NULL
162;APOTEK K24 TDM;KOTA KUPANG;Jl. Frans Leburaya Ruko Emerlad Park R2 RT 19 RW 05 Kel Tdm Kec Oebobo;08112947424;Apt Adinda;APOTEK;NULL;NULL
163;APOTEK ADVENT FARMA;KOTA KUPANG;Jl. Jend. Soeharto No 36 Kel. Naikoten I Kec Kota Raja;3808445919;Apt. Laetisia M. Sau Kofi S,Farm;APOTEK;NULL;NULL
164;APOTEK SEHATI;KAB. SUMBA BARAT DAYA;Jl. Ahmad Yani, Ds Kenalu Kec. Wewewa Tengah;082327890622;apt.Ivoni Marsela Tanggu Dendo, s.Farm;APOTEK;NULL;NULL
165;APOTEK KIMIA FARMA 135 HATTA;KOTA KUPANG;Jl. Moch Hatta No 46;NULL;NULL;APOTEK;NULL;NULL
166;APOTEK PILASUE FARMA;KAB. ROTE NDAO;Jl. Raya Baa- Busalangga Mokdale-Lobalain;082213358229;RONALD;APOTEK;NULL;NULL
167;APOTEK MABUA BAKUL;KAB. SUMBA TENGAH;Jl. Umbu Remu Samapaty No 155 Kampung Baru, Desa Anakalang, Kec Katikuna;081338024506;apt. Henricus Bangun Purwono, S.Farm;APOTEK;NULL;NULL
168;APOTEK AYU FARMA;KAB. SUMBA BARAT DAYA;Jl. Jend. Sudirman, Kaleno Wanno, Tambolaka;NULL;NULL;APOTEK;NULL;NULL
169;CV. MALOLE MEDISCA (APOTEK MALOLE MEDISCA);KAB. ROTE NDAO;Jl. Lekunik RT 023 RW 006 Kel Mokdale Kec Lobalain;085238326791;Apt Ing;APOTEK;NULL;NULL
170;APOTEK TRIWANA;KAB. MALAKA;Jl. Kampung Baru Desa Kamanasa RT 004 RW 002 Kec Malaka Tengah;NULL;NULL;APOTEK;NULL;NULL
171;APOTEK FREDY FARMA;KAB. TIMOR TENGAH SELATAN;Jl. Bougenville Depan Rsud Soe;081331808952;Apt NOvince;APOTEK;NULL;NULL
172;APOTEK TRINITAS BA'A;KAB. ROTE NDAO;Jl Raya Ba'A Busalangga, Lekioen Kel. Mokdale Kec Lobalain;+62 812-2140-7881;IDA NAHAK;APOTEK;NULL;NULL
173;APOTEK K24 ROTE NDAO;KAB. ROTE NDAO;Jl Raya Busalangga Ba'A RT 003 RW 002 Mokdale Kec Lobalain;081264212755;CHRISTIN MORON;APOTEK;NULL;NULL
174;APOTEK K24 JENDRAL SOEHARTO;KOTA KUPANG;Jl. Jendral SeohaRTo No 110 B-Oepura;082247310414;Apt. Maria Oktavina Martins;APOTEK;NULL;NULL
175;PUSKESMAS OEBOBO;KOTA KUPANG;Jl. Palapa Kec Oebobo Kel Oebobo;NULL;NULL;PUSKESMAS;NULL;NULL
176;APOTEK dr. NINING FARMA;KAB. TIMOR TENGAH UTARA;Jl. El Tari Km 4 Kel Kefa Selatan Kec Kota Kefamenanu;NULL;NULL;APOTEK;NULL;NULL
177;APOTEK K24 TENUKIIK;KAB. BELU;Jl. Marsda Adisucipto RT 002 RW 001 Kel Tenukiik Kec Atambua;081339553628;Apt Yohanes Irvan;APOTEK;NULL;NULL
178;APOTEK LAJESTRI FARMA;KAB. LEMBATA;Jl Walakeam Kel. Lewoleba Kec Nubatukan;NULL;NULL;APOTEK;NULL;NULL
179;APOTEK SURYA SUKSIN;KAB. FLORES TIMUR;Jl. Herman Fernandez Kel. Ekasapta;NULL;NULL;APOTEK;NULL;NULL
180;APOTEK HAPPY FARMA;KAB. LEMBATA;Jl. Lorong Poloama, Kel. Selandoro, Kec Nubatukan;0813-3768-2645;Mariana Inocentya Panny Wutus, S.Farm., Apt;APOTEK;NULL;NULL
181;APOTEK K24 LEMBATA;KAB. LEMBATA;Jl. Kota Baru, Kel. Lewoleba Selatan Kec. Nubatukan;082396429404;apt. Matilde Eriana Wuwur, S.Farm;APOTEK;NULL;NULL
182;APOTEK RAHMA FARMA;KAB. SUMBA TIMUR;Jl. Diponegoro No 64, Kel Hambala Kota Waingapu;085226671888;Apt Lilis;APOTEK;NULL;NULL
183;RSUD KABUPATEN ENDE;KAB. ENDE;Jl. Prof. Dr. W. Z. YohanesRT 004 RW 004 Kel Paupire Kec Ende Tengah;NULL;Apt Maria Kristhana;RUMAH SAKIT;NULL;NULL
184;APOTEK PALAPA FARMA;KAB. SUMBA TIMUR;Jl. Palapa No 3B Kel Matawai -Kota Waingapu;081236462894;Apt Susanti;APOTEK;NULL;NULL
185;RSUD RUTENG;KAB. MANGGARAI;Jl. Dr. Soetomo No 1- Kel Watu Kec. Langke Rembong;081236615725;apt. Benedicta Angelina Yulianti Deru Moi, S.Farm;RUMAH SAKIT;NULL;NULL
186;RSUD UMBU RARA MEHA;KAB. SUMBA TIMUR;Jl. Adam Malik No 54 Kel. Kambajawa Kec. Kota Waingapu;+62 812-3189-6001;Apt, Hana Abdi Suci, S.Farm;RUMAH SAKIT;NULL;NULL
187;APOTEK K24 BAJAWA;KAB. NGADA;Jl. Letjen R. Soeprapto, Tanalodu-Bajawa;081226797385;Apt Willibroda;APOTEK;NULL;NULL
188;APOTEK SETIA BORONG;KAB. MANGGARAI TIMUR;Jl. Moh Hatta Kel. Rana Loba, Kec Borong;NULL;NULL;APOTEK;NULL;NULL
189;APOTEK TIRZA;KOTA KUPANG;Jl. Penfui Baumata RT 024 RW 011 Kel Penfui Kec Maulafa;NULL;NULL;APOTEK;NULL;NULL
190;APOTEK JOLIN FARMA;KOTA KUPANG;Jl. Piet A Tallo Kel. Liliba Kec. Oebobo;+62 852-5370-2298;YOHANES ENDY CAUR;APOTEK;NULL;NULL
191;APOTEK ONE HEART;KAB. SUMBA BARAT DAYA;Jl. Kanelu Desa Kanelu, Kec Wewewa Tengah;NULL;NULL;APOTEK;NULL;NULL
192;APOTEK SEHAT SEJAHTERA WAIKABUBAK;KAB. SUMBA BARAT;Jl. Ahmad Yani Kel Komerda, Kec Kota Waikabubak;082145592101;Apt Apliana;APOTEK;NULL;NULL
193;KLINIK UNICARE;KAB. SUMBA BARAT DAYA;Jl. Simpang Manda Elu Saputra Kota Tambolaka;NULL;NULL;KLINIK;NULL;NULL
194;APOTEK SEHAT BETUN;KAB. MALAKA;Jl Betun Kota RT 014 RW 006 Desa Wehali Kec Malaka Tengah;NULL;NULL;APOTEK;NULL;NULL
195;APOTEK RAFAH;KAB. SUMBA TIMUR;Jl. Adam Malik RT 014 RW 003 Kel Kambajawa Kec Kota Waingapu;NULL;NULL;APOTEK;NULL;NULL
196;APOTEK EZRI FARMA;KAB. SUMBA BARAT;Jl. Bhayangkara No 41 Waikabubak;082141849548;Apt Setiyani;APOTEK;NULL;NULL
197;APOTEK GELEKAT FARMA;KAB. FLORES TIMUR;Jl. Pasir Pagi Mirek Desa Oring Bele Kec Witihama;+62 812-9597-9745;apt. Yohanes Karolus Tokan, S.Farm;APOTEK;NULL;NULL
198;RS. ST. ELISABETH LELA;KAB. SIKKA;Jl. Lela Desa Lela Kec Lela Maumere;NULL;NULL;APOTEK;NULL;NULL
199;APOTEK K24 WAIKABUBAK;KAB. SUMBA BARAT;Jl. Bhayangkara Kel Komerda Kota Waikabubak;082247142099;apt.Valeria Marlianti Sue Malo, S.Farm;APOTEK;NULL;NULL
200;APOTEK MARIA FARMA;KAB. NAGEKEO;Jl. Hobo B RT 012 Kel Natanage Kec Boawae;NULL;NULL;APOTEK;NULL;NULL
201;APOTEK FAMILY FARMA;KAB. MANGGARAI TIMUR;Jl Ruteng-Benteng Jawa Desa Golo Lobos Kec Lamba Leda Selatan;NULL;NULL;APOTEK;NULL;NULL
202;APOTEK K24 WAINGAPU;KAB. SUMBA TIMUR;Jl. D.I. Panjaitan Kel Matawai, Kec Kota Waingapu;NULL;NULL;APOTEK;NULL;NULL
203;APOTEK SUMBER SEHAT SBD;KAB. SUMBA BARAT DAYA;Jl. Lukas Dairo Bili Desa Weelonda Kec Kota Tambolaka;NULL;NULL;APOTEK;NULL;NULL
204;APOTEK TIRZA ALAK;KOTA KUPANG;Jl. Yos Sudarso RT 012 RW 005 Kel Alak Kec Alak;NULL;NULL;APOTEK;NULL;NULL
205;APOTEK AMC BAJAWA;KAB. NGADA;Jl. S. Parman No 4, Kel Trikora Kec. Bajawa;NULL;NULL;APOTEK;NULL;NULL
206;APOTEK MAHAKARYA 2;KAB. ENDE;Jl. Prof Dr. W. Z Yohanes RT 003 RW 005 Kel Paupire Kec Ende Tengah;082144419559;Stefanya Sosa, S.Farm, Apt;APOTEK;NULL;NULL
207;APOTEK MAHAKARYA;KAB. ENDE;Jl. Melati RT 002 RW 001 Kel Maupaga, Kec Ende Timur;082146268818;Maria Heny Kurniati Mbare, S.Farm., Apt;APOTEK;NULL;NULL
208;APOTEK HAPPY FARMA 2;KAB. LEMBATA;Jl. Trans Atadei Kel. Lewoleba, Kec Nubatukan;NULL;NULL;APOTEK;NULL;NULL
209;APOTEK TIRTA;KOTA KUPANG;Jl. Nangka No 12B RT 003 RW 001 Kel Oeba Kec Kota Lama;NULL;NULL;APOTEK;NULL;NULL
210;APOTEK DEO GRATIAS FARMA KEFA;KAB. TIMOR TENGAH UTARA;Jl. Tunbaen Kel. Tunbaen Kec Biboki Selatan- Kefamenanu;081359243439;Apt Fredelina;APOTEK;NULL;NULL
211;APOTEK DARMAWAN;KAB. FLORES TIMUR;Jl. Herman Fernandez No 09 Kel. Postoh Kec. Larantuka;NULL;NULL;APOTEK;NULL;NULL
212;APOTEK PEDULI CANCAR;KAB. MANGGARAI;Jl. Ruteng-Labuan Bajo, Cancar Kel. Waebelang Kec Ruteng;NULL;Apt Maria Ornay;APOTEK;NULL;NULL
213;RSU MUDER IGNACIA SOE;KAB. TIMOR TENGAH SELATAN;Jl. Kakatua No 38 RT 013 RW 008 Kel. Nunumeu Kec. Kota Soe;NULL;NULL;RUMAH SAKIT;NULL;NULL
214;APOTEK RENDLY FARMA;KAB. TIMOR TENGAH UTARA;Jl. Semangka Ii Kel. Kefa Selatan Kec Kota Kefamenanu;NULL;NULL;APOTEK;NULL;NULL
215;APOTEK YUKARI;KAB. FLORES TIMUR;Jl. Jendral Sudirman Kel. Sarotari Tengah Kec Larantuka;NULL;NULL;APOTEK;NULL;NULL
216;APOTEK CENDANA FARMA;KAB. SUMBA TIMUR;Jl. R. Soeprapto No 07 RT 019 RW 007 Kec Kambera;081353877099;Apt Melany;APOTEK;NULL;NULL
217;PUSKESMAS NIKI-NIKI;KAB. TIMOR TENGAH SELATAN;Jl. Timor Raya Niki-Niki Desa Nobi-Nobi Kec. Amanuban Tengah;NULL;NULL;PUSKESMAS;NULL;NULL
218;APOTEK KARONA FARMA;KOTA KUPANG;Jl. Bundaran Pu Kel. Tdm Kec Oebobo;NULL;NULL;APOTEK;NULL;NULL
219;RS SANTO DAMIAN LEWOLEBA;KAB. LEMBATA;Jl. Trans Nagawulung RT 019 RW 007 Kel Lewoleba Utara Kec Nubatukan;NULL;NULL;RUMAH SAKIT;NULL;NULL
220;APOTEK MEDICAL FARMA;KAB. MALAKA;Jl. Beikali, RT 002 RW 004 Desa Kleseleon, Kec Weliman;NULL;NULL;APOTEK;NULL;NULL
221;APOTEK CERIA -WATOWITI;KAB. FLORES TIMUR;Jl. Soekarno-Hatta Kel Tiwatobi, Kec Ile Mandiri;NULL;NULL;APOTEK;NULL;NULL
222;APOTEK KUSUMA AGUNG;KAB. NGADA;Jl. Kompleks Pertokoan Bajawa Kel Ngedukelu Kec Bajawa;NULL;NULL;APOTEK;NULL;NULL
223;APOTEK SUMBER AIR HIDUP;KAB. KUPANG;Jl. Timor Raya Km 27 Oesao;NULL;NULL;APOTEK;NULL;NULL
224;APOTEK NURFITRA FARMA;KAB. ALOR;Jl. Dewi SaRTika No 09 Kec. Teluk Mutiara;085298388472;Apt Muin Arkom DUka;APOTEK;NULL;NULL
225;APOTEK YOBEANTO;KAB. ALOR;Kampung Cina, Kel. Kalabahi Kota, Kec. Teluk Mutiara,;085255022566;Apt. Ambungu Mausing, S.Farm;APOTEK;NULL;NULL
226;APOTEK ADG JAYA;KOTA KUPANG;Jl. R.W. Moginsidi;081239528148;Apt Maria Magdalena;APOTEK;NULL;NULL
227;APOTEK ADE FARMA;KAB. ALOR;Jl. Imam Bonjol RT 006 RW 005 Kel Kalabahi Timur Kec. Teluk Mutiara;081237978166;Apt Ida Sengadji;APOTEK;NULL;NULL
228;APOTEK MANULAI GRESIA FARMA;KOTA KUPANG;Jl. Raya Tablolong RT 006 RW 003 Kel. Manulai Ii Kec Alak;0819173559821;Apt Telma;APOTEK;NULL;NULL
229;APOTEK CIVITA FARMA MEDIKA;KAB. KUPANG;Jl. Oesao-Oekabiti Kel. Oesao Kec Kupang Timur;0812953377524;Apt Katarina;APOTEK;NULL;NULL
230;APOTEK CARLIN FARMA;KOTA KUPANG;Jl. H. R. Koroh Km 09, Kel Bello- Kupang;082247969875;Apt Yolanda Edwin Tuan;APOTEK;NULL;NULL
231;APOTEK LESTARI FARMA;KAB. LEMBATA;Jl. Trans Lembata Lewoleba, Kel Lewoleba Timur Kec. Nubatukan;NULL;NULL;APOTEK;NULL;NULL
232;KLINIK PRATAMA EL SHADDAI MEDIKA;KAB. ALOR;Jl. W.Z Yohanes Kel. Mutiara Kec. Teluk Mutiara;NULL;NULL;KLINIK;NULL;NULL
233;DINAS KESEHATAN KABUPATEN TIMOR TENGAH UTARA;KAB. TIMOR TENGAH UTARA;Jl. Kefamenanu Maubesi Tubuhue, Kefamenanu Utara;NULL;NULL;INSTANSI PEMERINTAH;NULL;NULL
234;APOTEK LIANA FARMA;KAB. SIKKA;Jl. Dusun Bao Loran, RT 027 RW 006, Desa Nita, Kec Nita;NULL;NULL;APOTEK;NULL;NULL
235;APOTEK ADI JAYA FARMA;KAB. LEMBATA;Jl. Desa Balauring, Kec Buyasari;NULL;NULL;APOTEK;NULL;NULL
236;DINAS KESEHATAN FLORES TIMUR;KAB. FLORES TIMUR;Jl. Ahmad Yani No 205 Larantuka;NULL;NULL;INSTANSI PEMERINTAH;NULL;NULL
237;APOTEK SIDODADI;KAB. ENDE;Jl. Kelimutu No 25 RT 037 RW 009 Kel. Onekore Kec. Ende Tengah;NULL;NULL;APOTEK;NULL;NULL
238;APOTEK KERETA SARI;KAB. ENDE;Jl. W.Z. Yohanes No 17 RT 034 RW 005 Kel. Pasipire Kec. Ende Tengah;0381 22546;apt. Antonia Kristina Supu, S.Farm;APOTEK;NULL;NULL
239;APOTEK AVILA FARMA;KAB. NGADA;Jl. Diponegoro No 4 Kel. Trikora, Kec Bajawa;081353757601;APT IBU YUN;APOTEK;NULL;NULL
240;TANGGUNGAN GUDANG PT MATHIO JAYA PHARMA;KOTA KUPANG;Jl. Kabuka RT 021 RW 01 Kel Belo Kec Maulafa;NULL;NULL;NULL;NULL;NULL
241;RUMAH SAKIT TNI AL SAMUEL J. MOEDA;KOTA KUPANG;Jl. Raya Bolok Koenheum Kec Alak;NULL;NULL;RUMAH SAKIT;NULL;NULL
242;APOTEK BJ;KAB. ENDE;Jl. Pelabuhan RT 001 RW 007 Kel Mbongawani Kec. Ende Selatan;NULL;NULL;APOTEK;NULL;NULL
243;APOTEK PARAMEL;KAB. TIMOR TENGAH SELATAN;Jl. Achmad Yani Km 4 RT 021 RW 010 Desa Kesetnana, Kec. Molo Selatan;NULL;NULL;APOTEK;NULL;NULL
244;APOTEK K24 KEFAMENANU;KAB. TIMOR TENGAH UTARA;Jl. L. Lake Kec. Kefamenanu Selatan Kec. Kota Kefamenanu;081359020104;KAROLA;APOTEK;NULL;NULL
245;RUMAH SAKIT KRISTEN LINDIMARA;KAB. SUMBA TIMUR;Jl. Prof W.Z. Yohanes No 06 RT 021 RW 007 Kel. Prailiu Kec. Kambera;+62 812-3798-4461;Apt Alstyn;RUMAH SAKIT;NULL;NULL
246;TANGGUNGAN EKSPEDISI;KOTA KUPANG;Kupang;NULL;NULL;NULL;NULL;NULL
247;APOTEK FLORES FARMA;KAB. ROTE NDAO;Jl. Raya Baa-Busalangga Kel. Mokdale Kec. Lobalaian;081339579764;Apt Massiyah;APOTEK;NULL;NULL
248;APOTEK MANELEO MEDIKA;KAB. ROTE NDAO;Jl. Baa Pantai Baru Km 26 RT 002 RW 001 Kel Olafulihaa Kec. Pantai Baru;082236407504;MARIO;APOTEK;NULL;NULL
249;APOTEK EL RAPHA FARMA;KOTA KUPANG;Jl. Timor Raya RT 001 RW 001 Kel Kelapa Lima Kec Kelapa Lima;0852238117311;Apt Petrika;APOTEK;NULL;NULL
250;APOTEK KAIROS FARMA MAULAFA;KOTA KUPANG;Jl. Hti RT 032 RW 008 Kel. Oebufu Kec. Oebobo;082341109515;Apt Putri Mentari;APOTEK;NULL;NULL
251;APOTEK PURI MAS;KAB. BELU;Jl. Pramuka Pasar Baru Kel. Beirafu Kec. Atambua Barat;085253469840;Apt Handrian;APOTEK;NULL;NULL
252;APOTEK PALAPA FATULULI;KOTA KUPANG;JL. R.W MONGINSIDI BLOCK B/1 FATULULI OEBOBO;082119911182;helena;APOTEK;NULL;NULL
253;PUSKESMAS CAMPLONG;KAB. KUPANG;Jl. Timor Raya Km 39 RT 011 RW 006 Desa Kuimasi Kec Fatuleu;08214690027;Apt Dirk Viktor Umbu;PUSKESMAS;NULL;NULL
254;APOTEK FINA FARMA KUPANG;KOTA KUPANG;Jl. Oeleta Raya RT 010 RW 004 Kel. Penkase, Kec Alak;081339312270;Apt Sari Djahilape, S.Farm;APOTEK;NULL;NULL
255;APOTEK MRR FARMA;KOTA KUPANG;Jl. R. W. Monginsidi Iii, Kel. Fatululi Kec. Oebobo;082297036024;Apt Yudit Pratusi;APOTEK;NULL;NULL
256;APOTEK LAPE FARMA;KAB. NAGEKEO;Jl. Soekarno-Hatta Olalape RT 003 Kel Lape Ke. Aesesa;081339235697;APT MARIA ANGELINA MOGI;APOTEK;NULL;NULL
257;APOTEK TAPO NAMAU;KAB. KUPANG;Jl. Timor Raya Km 35 Naibonat- Kupang Timor;085829330257;NIA;APOTEK;NULL;NULL
258;APOTEK MAHYRA FARMA;KAB. SUMBA TIMUR;Jl. M. T. Haryono No 22 Matawai Waingapu;085165028165;Apt Wewein;APOTEK;NULL;NULL
259;APOTEK ALOR GRESIA FARMA;KAB. ALOR;Jl. Jend Soedirman RT 002 RW 002 Kel. Kalabahi Timur Kec. Teluk Mutiara;NULL;NULL;APOTEK;NULL;NULL
260;APOTEK BAHARI FARMA FATULULI;KOTA KUPANG;Jl. Shopping Center RT 002 RW 010 Kel Fatululi Kec. Oebobo;NULL;NULL;APOTEK;NULL;NULL
261;APOTEK BUNGA TANJUNG FARMA;KAB. BELU;Jl. Pemuda No 2 Kel. Bardao Kec. Atambua Barat;082145714046;Apt Maria Patricia;APOTEK;NULL;NULL
262;APOTEK RUAH;KOTA KUPANG;Jl. Alfons Nisnoni, Kel Bakunase, Kec. Kota Raja;082132160739;Apt. Yos Abdon Kolimon;APOTEK;NULL;NULL
263;APOTEK BAPA EMA;KAB. FLORES TIMUR;Jl. Trans Waiwerang, Kel Nisa Karang Kec. Kelubagolit;NULL;NULL;APOTEK;NULL;NULL
264;APOTEK MITRA FARMA ATAMBUA;KAB. BELU;Jl. Suprapto RT 001 RW 001 Kel. Fatukabot, Kec. Atambua Selatan;+62 812-3622-394;Apt Andreas Manek Key;APOTEK;NULL;NULL
265;APOTEK ARYA MEDIKA;KAB. KUPANG;Jl. Swadaya Manuputi RT 010 RW 004 Tarus Kec. Kupang Tengah;081237108435;Apt Patricia;APOTEK;NULL;NULL
266;APOTEK HAPPY FARMA BETUN;KAB. MALAKA;Jl. Dusun Tanekakoe RT 001 RW 001 Desa Umanen Lawalu Kec Malaka Tengah;081339093147;apt. Filia Delfia Tahu, S. farm;APOTEK;NULL;NULL
267;APOTEK POLO AMA LEMBATA;KAB. LEMBATA;Jl. Eropaun RT 002 RW 008 Kel Lewoleba, Kec Nubatukan;NULL;NULL;APOTEK;NULL;NULL
268;APOTEK FANDA FARMA II;KAB. TIMOR TENGAH SELATAN;Jl. Timor Raya Kel Niki-Niki Kec Amanuban Tengah;+62 823-3729-9788;putri fanda;APOTEK;NULL;NULL
269;APOTEK TIGA RADJA;KOTA KUPANG;Jl. Amabi Rt 27 Rw 10 Maulafa;082146752599;Apt Adeltrudis D. Waghe;APOTEK;NULL;NULL
270;KLINIK UTAMA JIWA DEWANTA MENTAL HEALTCARE;KOTA KUPANG;Jl. Ainiba No 12 RT 009 RW 003 Kel Pasir Panjang Kec Kota Lama;+62 812-3935-2313;Apt. Ratna Winata Sujatmawati , S.Farm;KLINIK;NULL;NULL
271;APOTEK SUMBER BERKAT;KAB. SUMBA BARAT DAYA;Jl. Radamata, Sapurata Kec Kota Tambolaka;082233883681;Apt Yandro;APOTEK;NULL;NULL
272;APOTEK BRISEHAT;KAB. TIMOR TENGAH SELATAN;Jl. Ahmad Yani No 83 Kel Nunumeu Kec Kota Soe;NULL;NULL;APOTEK;NULL;NULL
273;APOTEK ASSALAM;KAB. SUMBA BARAT;Jl. Manda Elu Kel. Komerda Kec Kota Waikabubak;081237987875;Apt Trio;APOTEK;NULL;NULL
274;APOTEK BETHESDA FARMA;KAB. FLORES TIMUR;Jl.Kompleks Pasar Inpres Kel Ekasapta Kec Larantuka;NULL;NULL;APOTEK;NULL;NULL
275;APOTEK SETIA UTAMA FARMA;KOTA KUPANG;JL TIMOR RAYA KM 11;087751760888;Apt Fabiola A. Palenter;APOTEK;NULL;NULL
276;KLINIK SANTA MARIA SOLEDAD;KAB. FLORES TIMUR;JL. SOEKARNO - HATTA KELURAHAN WERI, KECAMATAN LARANTUKA;NULL;NULL;KLINIK;NULL;NULL
277;RS KHATOLIK MARIANUM HALILULIK;KAB. MALAKA;JL RAYA HALILULIK BETUN DUSUN HALIBAURENES RT 001 RW 001 KEL. NAITIMU KEC TASIFETO BARAT;081318526456;Apt Maria Fatima;RUMAH SAKIT;NULL;NULL
278;UPTD RSUD BORONG;KAB. MANGGARAI TIMUR;LEHONG DESA GURUNG LIWUT KEC BORONG;NULL;NULL;RUMAH SAKIT;NULL;NULL
279;APOTEK TOMICA FARMA;KAB. TIMOR TENGAH UTARA;JL. ELTARI ( SAMPING TULIP) KEL BENPASI, KOTA KEFAMENANU;081339040700;Apt Maria Bernadete;APOTEK;NULL;NULL
280;RSIA DEDARI;KOTA KUPANG;JL RANTAI DAMAI NO 069 D, RT 024 RW 007 KEL TUAK DAUN MERAH KEC OEBOBO;082147611716;Apt Hilary S. Tulasi;RUMAH SAKIT;NULL;NULL
281;APOTEK KIMIA FARMA PELENGKAP;KOTA KUPANG;JL. MOCH. HATTA NO 19 KEL OETETE KEC OEBOBO;NULL;NULL;APOTEK;NULL;NULL
282;APOTEK REKSA MEDIKA;KAB. BELU;JL ADAM MALIK PASAR BARU, KEL BARDAO, KEC ATAMBUA BARAT;081351298550;Apt Octa Luan;APOTEK;NULL;NULL
283;DINAS KESEHATAN KAB ENDE;KAB. ENDE;JL. Melati Ende-Flores;NULL;NULL;INSTANSI PEMERINTAH;NULL;NULL
284;APOTEK CARE 27;KAB. SUMBA BARAT;JL. PATTIMURA, MALITI KOTA WAIKABUBAK;0812-3797-4764;apt. Ian Ogilfi Wijaya, S.Farm;APOTEK;NULL;NULL
285;APOTEK KARTINI LARANTUKA;KAB. FLORES TIMUR;JL. HERMAN FERNANDEX NO 1;NULL;NULL;APOTEK;NULL;NULL
286;APOTEK HARAPAN II;KAB. BELU;JL UMALOR, RT 001 RW 001 DESA UMALOR, KEC MALAKA BARAT;NULL;NULL;APOTEK;NULL;NULL
287;APOTEK 2B FARMA;KAB. SUMBA BARAT;JL . MELOLO RT 005 RW 003 KEL. LUMBUKORE KEC. UMALULU;NULL;NULL;APOTEK;NULL;NULL
288;APOTEK ASRO FARMA;KAB. SUMBA BARAT DAYA;WAIMANGURA, KEL. WAIMANGURA, KEC WEWEWA BARAT;NULL;NULL;APOTEK;NULL;NULL
289;APOTEK ATAGAGA;KAB. ENDE;JL. KESEHATAN RT 001 RW 002 KEL KOTA RAJA KEC ENDE UTARA;NULL;NULL;APOTEK;NULL;NULL
290;PT EMEDICAL CENTER INDONESIA;KAB. TIMOR TENGAH SELATAN;JL. PROKLAMASI, KEL. TAUBNENO KEC. KOTA SOE;NULL;NULL;RUMAH SAKIT;NULL;NULL
291;DINAS KESEHATAN SUMBA TIMUR;KAB. SUMBA TIMUR;JL R. SUPRATO NO 22 WAINGAPU;NULL;NULL;INSTANSI PEMERINTAH;NULL;NULL
292;KLINIK PRATAMA ST. AGUSTINUS;KAB. BELU;JL. HOT GOL RT 005 RW 003 KEL FATUBENAO KEC KOTA ATAMBUA;08533179067;Apt Risa;KLINIK;NULL;NULL
293;APOTEK BANERA MEDIKA RUTENG;KAB. MANGGARAI;JL. DR. SOETOMO NO 31 RT 007 RW 002 KEL WATU KEC. LANGKE REMBONG;081353602245;Apt Elisabeth;APOTEK;NULL;NULL
294;APOTEK ROSAMYSTICA FARMA;KOTA KUPANG;JL PAHLAWAN KEL NUNHILA KEC ALAK;NULL;NULL;APOTEK;NULL;NULL
295;APOTEK WISDOM MEDIKA;KAB. SUMBA BARAT;JL . AHMAD YANI KEL. MALITI KEC KOTA WAIKABUBAK;081235908908;Apt Silvia;APOTEK;NULL;NULL
296;KLINIK GLORIA BETUN;KAB. MALAKA;JL. AHMAD YANI, KEL KAMANASA, MALAKA TENGAH;081325155070;Apt Metriana Bano;KLINIK;NULL;NULL
297;APOTEK SAHABAT ROTE;KAB. ROTE NDAO;JL. BA'A BUSALANGGA KEL BUSALANGGA BARAT KEC ROTE BARAT LAUT;082247897296;Apt Putra;APOTEK;NULL;NULL
299;APOTEK QUEEN FARMA;KOTA KUPANG;JL JENDRAL SOEHARTO NO 98 A KEL NAIKOLAN KEC MAULAFA;081294161618;Apt. Ratna Sujatmawati;APOTEK;NULL;NULL
300;APOTEK PALAPA;KOTA KUPANG;JL. PALAPA NO 19I KEL OEBOBO KEC OEBOBO;082119911182;Apt Helena;APOTEK;NULL;NULL
301;APOTEK EBENHAEZER;KAB. SUMBA TIMUR;KANGGOA, RT 008 RW 004 DESA KALIUDA KEC. PAHUNGA LODU;081239578099;APT. NI PUTU STEVANI;APOTEK;NULL;NULL
302;UPTD PUSKESMAS BAKUNASE;KOTA KUPANG;JL. KELINCI NO 4 BAKUNASE;NULL;NULL;PUSKESMAS;NULL;NULL
303;APOTEK MANDALA;KOTA KUPANG;JL AINIBA RT 21 RW 03 KEL FATULULI KEC OEBOBO;085253386545;Apt Muhamad Mandala;APOTEK;NULL;NULL
304;KLINIK PRATAMA CAESAR MEDIKA;KAB. SUMBA TIMUR;JL. R. SUPRAPTO NO 18 KEL. PRAILIU KEC. KAMBERA;NULL;NULL;KLINIK;NULL;NULL
305;APOTEK DOMINICE;KOTA KUPANG;JL. AMABI NO 80 KEL. MAULAFA KEC MAULAFA;082220061009;Apt Maria Nuari;APOTEK;NULL;NULL
306;APOTEK IYA ATE;KAB. SUMBA BARAT DAYA;DESA WAIMANGURA, KEC WEWEWA BARAT,;NULL;NULL;APOTEK;NULL;NULL
307;DINAS KESEHATAN KAB BELU;KAB. BELU;JL. ELTARI NO 09 ATAMBUA;NULL;NULL;INSTANSI PEMERINTAH;NULL;NULL
308;APOTEK SEROJA;KAB. TIMOR TENGAH UTARA;JL. SEROJA RT 003 RW 002 KEL KEFAMENANU UTARA KEC KOTA KEFAMENANU;-;APT Gerdiana taena;APOTEK;NULL;NULL
309;DINAS KESEHATAN KAB TIMOR TENGAH SELATAN;KAB. TIMOR TENGAH SELATAN;JL. KARTINI NO 1 SOE;082341607833;IBU EKI;INSTANSI PEMERINTAH;NULL;NULL
310;APOTEK AMALTHEA;KOTA KUPANG;JL PERINTIS KEMERDEKAAN I NO 2 KEL. OEBUFU KEC OEBOBO;NULL;NULL;APOTEK;NULL;NULL
311;APOTEK SINAR SURYA FARMA;KAB. ALOR;JL. TENGGIRI NO 06 KEL KALABAHI KOTA KEC TELUK MUTIARA;0386 21193;Apt Maemura;APOTEK;NULL;NULL
312;PUSKESMAS PASIR PANJANG;KOTA KUPANG;Jl. Maumere, kel. Nefonaek;NULL;NULL;PUSKESMAS;NULL;NULL
313;APOTEK GRATIA FARMA;KAB. SUMBA TIMUR;JL. KAWANGU RT 005 RW 02 KEL KAWANGU, KEC PANDAWAI KAB SUMBA TIMUR;08123677001;Apt Febriani;APOTEK;NULL;NULL
314;APOTEK NARATAMA FARMA;KOTA KUPANG;JL. H.R KOROH RT 031 RW 012 KEL SIKUMANA KEC MAULAFA;085237756077;Apt Marselina J. Woman;APOTEK;NULL;NULL
315;PUSKESMAS SIKUMANA;KOTA KUPANG;JL. OEBONIK NO 3 KEL. SIKUMANA;NULL;NULL;PUSKESMAS;NULL;NULL
316;APOTEK AMC KUPANG;KOTA KUPANG;JL. PERINTIS KEMERDEKAAN KEL KAYU PUTIH KEC. OEBOBO;+62 822-4771-5663;APT ITA JAMAN;APOTEK;NULL;NULL
317;PT EMPAT JAYA RAYA (RSU LEONA NOELBAKI);KAB. KUPANG;JL. TIMOR RAYA KM 17 RT 026 RW 011 KEL NOEBALKI KEC KUPANG TENGAH;085237873990;Apt Shea;RUMAH SAKIT;NULL;NULL
318;APOTEK AMANDA;KAB. TIMOR TENGAH UTARA;JL. ELTARI KM 3 RT 048 RW 005 KEL. KEFAMENANU SELATAN KEC. KOTA KEFAMENANU;NULL;NULL;APOTEK;NULL;NULL
319;APOTEK CEMARA PERSADA;KAB. SUMBA BARAT;JL. PADEDIWATU KEL RAJAKA KEC LAMBOYA KOTA WAIKABUBAK;NULL;NULL;APOTEK;NULL;NULL
320;RUMAH SAKIT UNIVERSITAS NUSA CENDANA;KOTA KUPANG;JL. JEND SOEHARTO NO 72 KEL NAIKOTEN 1 KEC KOTA RAJA;NULL;NULL;RUMAH SAKIT;NULL;NULL
321;RSUD BAJAWA;KAB. NGADA;JL. DIPONEGORO NO 5 KEL. TRIKORA KEC. BAJAWA;081353891817;Apt Maria;RUMAH SAKIT;NULL;NULL
322;RSUD REDA BOLO;KAB. SUMBA BARAT DAYA;JL WELONDA DESA WATU KAWULA KEC KOTA TAMBOLAKA;NULL;NULL;RUMAH SAKIT;NULL;NULL
323;RSIA MITRA ANANDA;KAB. SUMBA TIMUR;JL. AHMAD YANI NO 29 KEL KAMALAPUTI, KEC KOTA WAINGAPU;0821416218516;Apt. Gresia Sabatudung;RUMAH SAKIT;NULL;NULL
324;APOTEK SEHAT SEJAHTERA ANAKALANG;KAB. SUMBA TENGAH;JL. PASAR ANAKALANG KEL ANAKALANG KEC KATIKU TANA;082137593442;Apt Siprianus;APOTEK;NULL;NULL
325;APOTEK DIAN;KOTA KUPANG;JL. W.J LALAMENTIK RT 006 RW 11 KEL OEBUFU KEC OEBOBO;085394287329;Apt.Ratna Thayib;APOTEK;NULL;NULL
326;APOTEK MITAYANI;KAB. KUPANG;JL. TIMOR RAYA KM 17, KEL NOELBAKI KEC KUPANG TENGAH;082136138056;Apt Haryanti;APOTEK;NULL;NULL
327;APOTEK ANDEARA FARMA;KAB. ALOR;ALOR KECIL RT 006 RW 003 KEC ALOR BARAT LAUT;081385204321;Apt I Gusti Agung;APOTEK;NULL;NULL
328;APOTEK ALFATIH JAYA FARMA;KAB. FLORES TIMUR;DESA LAMAHALA JAYA KEC ADONARA TIMUR;082144956348;Apt Angela;APOTEK;NULL;NULL
329;RUMAH SAKIT TINGKAT IV 09.07.04 ATAMBUA;KAB. BELU;Jl. Pierre Tandean RT 006 RW 002 Kel. Beirafu, Kec. Atambua Barat;082137193908;Christa Rosalia Bete Mau;RUMAH SAKIT;NULL;NULL
330;KLINIK PALMA;KOTA KUPANG;JL W.J LALAMENTIK NO 91 (RUKO TRANSMART NO 80) KEL. FATULULI KEC OEBOBO;-;Apt. Marisa Stifani Mandala., S.Farm;KLINIK;NULL;NULL
331;SWALAYAN LIFECARE - ENDE;KAB. ENDE;JL. GATOT SUBROTO RT 007 RW 003 KEL REWARANGGA SELATAN KEC. ENDE TIMUR;082117167237;Apt Angelina;APOTEK;NULL;NULL
332;DINAS KESEHATAN KAB SIKKA;KAB. SIKKA;JL ELTARI MAUMERE;NULL;NULL;INSTANSI PEMERINTAH;NULL;NULL
333;PKM BANGGAWATU;KAB. SUMBA TIMUR;BANGGA WATU TABUNDUNG, WAINGAPU;NULL;NULL;PUSKESMAS;NULL;NULL
334;PKM MALAHAR;KAB. SUMBA TIMUR;JALAN RAYA BILLA KECAMATAN TABUNDUNG, WAINGAPU;NULL;NULL;PUSKESMAS;NULL;NULL
335;PKM KANANGGAR;KAB. SUMBA TIMUR;DS KANANGGAR, KANANGGAR PABERIWAI, WAINGAPU;NULL;NULL;PUSKESMAS;NULL;NULL
336;PKM MAHU;KAB. SUMBA TIMUR;DS WAIRARA RT.000 RW.000 WAINGAPU;NULL;NULL;PUSKESMAS;NULL;NULL
337;PKM LAILUNGGI;KAB. SUMBA TIMUR;MAUTAJIK, LAILUNGGI PINU PAHAR, WAINGAPU;NULL;NULL;PUSKESMAS;NULL;NULL
338;PKM NGADU NGALA;KAB. SUMBA TIMUR;DS PRAIWITU, NGADU NGALA, WAINGAPU;NULL;NULL;PUSKESMAS;NULL;NULL
339;PKM NGGONGI;KAB. SUMBA TIMUR;DS NGGONGI, KARERA SUMBA TIMUR;NULL;NULL;PUSKESMAS;NULL;NULL
340;PKM TANARARA;KAB. SUMBA TIMUR;TANARARA, PRAIBOKUL MATAWAI LA PAWU, WAINGAPU;NULL;NULL;PUSKESMAS;NULL;NULL
341;PKM WAINGAPU;KAB. SUMBA TIMUR;Jalan ahmad yani RT.010 RW.005 Kamalaputi kota waingapu;NULL;NULL;PUSKESMAS;NULL;NULL
342;PKM KAMBANIRU;KAB. SUMBA TIMUR;UMBU TARANGAHA RT.030 RW 008 KAMBANIRU KAMBERA WAINGAPU;NULL;NULL;PUSKESMAS;NULL;NULL
343;PKM KAWANGU;KAB. SUMBA TIMUR;JL. CENDANA, KAWANGU, PANDAWAI, WAINGAPU;NULL;NULL;PUSKESMAS;NULL;NULL
344;PKM KANATANG;KAB. SUMBA TIMUR;JALAN WAINGAPU-RAMBANGARU, RT 000 RW. 000, KUTA KANATANG, WAINGAPU;NULL;NULL;PUSKESMAS;NULL;NULL
345;PKM PAMBOTA NJARA;KAB. SUMBA TIMUR;PAMBOTA NJARA RT.003 RW.002 PAMBOTANJARA KOTA WAINGAPU;NULL;NULL;PUSKESMAS;NULL;NULL
346;PKM RAMBANGARU;KAB. SUMBA TIMUR;DS RAMBANGARU RT.000 RW.000 RAMBANGARU HAHARU;NULL;NULL;PUSKESMAS;NULL;NULL
347;PKM KOMBAPARI;KAB. SUMBA TIMUR;KOMBAPARI KATALA HAMU LINGU, WAINGAPU;NULL;NULL;PUSKESMAS;NULL;NULL
348;PKM NGGAHA ORI ANGU;KAB. SUMBA TIMUR;JLN RAYA WAINGAPU-LEWA, MAKAMENGGIT NGAHA ORI ANGU , WAINGAPU;NULL;NULL;PUSKESMAS;NULL;NULL
349;PKM LEWA TIDAHU;KAB. SUMBA TIMUR;BIDI PRAING RT.001, RW.001 BIDIPRAING LEWA TIDAHU, WAINGAPU;NULL;NULL;PUSKESMAS;NULL;NULL
350;PKM MELOLO;KAB. SUMBA TIMUR;MELOLO-KANANGGAR KM2 RT.003 RW.002 LUMBUKORE UMALULU, WAINGAPU;NULL;NULL;PUSKESMAS;NULL;NULL
351;PKM TANARAING;KAB. SUMBA TIMUR;WAINGAPU-MANGILI TANARAING RINDI;NULL;NULL;PUSKESMAS;NULL;NULL
352;PKM MANGILI;KAB. SUMBA TIMUR;DSTANAMANANANG RT.001 RW.001 TANA MANANANG PAHUNGA LODU, WAINGAPU;NULL;NULL;PUSKESMAS;NULL;NULL
353;PKM KATAKA;KAB. SUMBA TIMUR;DS KAMANGGIH RT.001, KAMANGGIH , WAINGAPU;NULL;NULL;PUSKESMAS;NULL;NULL
354;PKM KAMBATA MAPAMBUHANG;KAB. SUMBA TIMUR;LUKUWINGIR KAMBATA MAPAMBUHANG, WAINGAPU;NULL;NULL;PUSKESMAS;NULL;NULL
355;PKM BAING;KAB. SUMBA TIMUR;DS HADAKAMALI RT.003 RW 005, HADAKAMALI WULLA WAIJELU, WAINGAPU;NULL;NULL;PUSKESMAS;NULL;NULL
356;PKM LEWA;KAB. SUMBA TIMUR;KELURAHAN LEWA PAKU RT.000, RW.000, WAINGAPU;NULL;NULL;PUSKESMAS;NULL;NULL
357;APOTEK GIRI EFATA;KAB. ALOR;JL. JENDRAL SUDIRMAN NO 45 RT 022 RW 008 KEL. KALABAHI TENGAH KEC TELUK MUTIARA;081238373060;apt. Suci Permata Sari Pakro, S.Farm;APOTEK;NULL;NULL
358;RSUD WAIBAKUL;KAB. SUMBA TENGAH;JL RAYA WAIHIBUR DESA UMBU MAMIJUK KEC UMBU RATU NGGAY BARAT, WAIBAKUL;NULL;NULL;RUMAH SAKIT;NULL;NULL
359;UPTD PUSKESMAS PENKASE OELETA;KOTA KUPANG;JL. PENKASE RAYA , PENKASE OELETA;-;RINY JEN SALEH, S.Farm., Apt;PUSKESMAS;NULL;NULL
360;APOTEK SUSTER KECE FARMA;KAB. KUPANG;DESA PONAIN, RT 02 RW 01 KEC AMARASI;+62 851-5893-6227;Apt Asry;APOTEK;NULL;NULL
361;APOTEK KAIROS FARMA KELAPA LIMA;KOTA KUPANG;JL. TIMOR RAYA NO 103, RT 013 RW 006 KELAPA LIMA;NULL;NULL;APOTEK;NULL;NULL
362;APOTEK MEDICARE PHARMA;KOTA KUPANG;JL. BHAKTI KARANG KEL OEBOBO KEC OEBOBO;082296895943;Apt Maria Yolanda Mia Dapa, S.Farm;APOTEK;NULL;NULL
363;DINAS KESEHATAN KAB ROTE NDAO;KAB. ROTE NDAO;JL. NUSAKLAIN BAA, KOMPLEK PERKANTORAN BUMI TII LANGGA PERMAI;NULL;NULL;INSTANSI PEMERINTAH;NULL;NULL
364;RSUD BA'A;KAB. ROTE NDAO;JL. BA'A BUSALANGGA KEL MOKDALE KEC. LOBALAIN;+62 813-3949-1545;Niken Ai;RUMAH SAKIT;NULL;NULL
365;APOTEK RINJANI MEDICAL FARMA;KOTA KUPANG;JL. YOS SUDARSO KEL NAMOSAIN KEC ALAK;082266017236;Apt. Azisia I. Lamakluang, S.Farm;APOTEK;NULL;NULL
366;PUSKESMAS NOEMUTI;KAB. TIMOR TENGAH UTARA;JL RAYA FATUMUTI DESA FATUMUTI KEC NOEMUTI;NULL;NULL;PUSKESMAS;NULL;NULL
367;APOTEK JUVITA FARMA;KAB. KUPANG;JL TIMOR RAYA KM 14 KEL MATA AIR KEC KUPANG TENGAH;082247686469;Apt.Agustine Amsikan, S.Farm;APOTEK;NULL;NULL
368;APOTEK HARAPAN III;KAB. MALAKA;BAKATEU RT 019 RW 009 DESA WEHALI KEC MALAKA TENGAH;NULL;Apt. Helena Maria;APOTEK;NULL;NULL
369;APOTEK DOMINIC;KOTA KUPANG;JL. BUMI RT 017 RW 010 KEL LILIBA KEC OEBOBO;NULL;NULL;APOTEK;NULL;NULL
370;KLINIK LANUD EL TARI;KOTA KUPANG;JL ADISUCIPTO NO 2 KEL PENFUI KEC MAULAFA;+62 813-3743-2878;APT WAYAN;RUMAH SAKIT;NULL;NULL
371;KLINIK AISYIYAH KUPANG;KOTA KUPANG;JL. KEUANGAN NEGARA NO. 07 , Desa/Kelurahan Kayu Putih, Kec. Oebobo;085253072572;Apt Atika Bethan;APOTEK;NULL;NULL
372;APOTEK DERMJUNE;KOTA KUPANG;JL R.W MONGINSIDI III NO 39 RT 019 RW 004 KEL PASIR PANJANG KEC. KOTA LAMA;+62 812-1890-4927;apt tristy;APOTEK;NULL;NULL
373;APOTEK CENTRAL FARMA;KOTA KUPANG;JL. R.W MOGINSIDI III RUKO C-11 KEL FATULULI KEC OEBOBO;082146157285;Apt Windi Jap;APOTEK;NULL;NULL
374;APOTEK K-24 MERDEKA;KOTA KUPANG;JL A.YANI RT 13 RW 04 KEL OEBA KEC KOTA LAMA;081213006421;YANTRI;APOTEK;NULL;NULL
375;KLINIK PRATAMA ST. ANTONIUS BETUN;KAB. MALAKA;DESA WEHALI, KEC MALAKA TENGAH KAB MALAKA;NULL;NULL;KLINIK;NULL;NULL
376;RSUD WAIKABUBAK;KAB. SUMBA BARAT;JL. ADIYAKSA KM 3 KEL DIRATANA KEC LOLI;NULL;NULL;RUMAH SAKIT;NULL;NULL
377;KLINIK PRATAMA SUMBA FOUNDATION KARANG INDAH;KAB. SUMBA BARAT DAYA;Daha Ate, Ds. Karang Indah, Kec. Kodi Balaghar;082266456218;Apt Paulus;KLINIK;NULL;NULL
378;APOTEK PEDIATRICA;KOTA KUPANG;JL. FRANS LEBURAYA KEL TDM KEC OEBOBO;081297181443;ELSA;APOTEK;NULL;NULL
379;NATASHA SKIN CLINIC CENTER;KOTA KUPANG;JL. VETERAN RT 06 RW 05 KEL FATULULI LIPPO PLAZA KUPANG LT UG NO 9-11;081339238453;Apt Kadek;KLINIK;NULL;NULL
380;RSU ST RAFAEL CANCAR;KAB. MANGGARAI BARAT;CANCAR TRANS RUTENG-LABUAN BAJO;NULL;NULL;RUMAH SAKIT;NULL;NULL
381;APOTEK IJK FARMA;KAB. FLORES TIMUR;WAIBALUN, KEL WAIBULAN KEC LARANTUKA;081238333592;Apt Melania;APOTEK;NULL;NULL
382;APOTEK SESAMA;KOTA KUPANG;J.L W.J LALAMENTIK NO 126 KEL OEBUFU KEC OEBOBO;085882882888;Apt Marlen E. Nenabu;APOTEK;NULL;NULL
383;APOTEK K-24 CAK DOKO;KOTA KUPANG;JL. CAK DOKO KEL OEBOBO KEC OEBOBO;0274542025;Apt Belinda;APOTEK;NULL;NULL
384;DINAS KESEHATAN KAB MANGGARAI BARAT;KAB. MANGGARAI BARAT;JL. FRANS NALA DESA BATU CERMIN LABUAN BAJO KEC KOMODO;NULL;NULL;INSTANSI PEMERINTAH;NULL;NULL
385;APOTEK MARCH MEDIKA MANDIRI;KOTA KUPANG;Jalan H.R. Koroh KM 7, Desa/Kelurahan Sikumana, Kec. Maulafa;082199268811;Apt Cahyani;APOTEK;NULL;NULL
386;APOTEK P. BERTENS;KAB. BELU;JL. LINTAS KEL FATUBENAO KEC KOTA ATAMBUA;82237693908;Apt Honoratia;APOTEK;NULL;NULL
387;APOTEK GLORIA FARMA;KAB. SUMBA TIMUR;WAIHIBUR, Desa/Kelurahan Umbu Mamijuk, Kec. Umbu Ratu Nggay Barat,;085335619229;Apt Anly;APOTEK;NULL;NULL
388;APOTEK DESTRI FARMA;KAB. SUMBA TENGAH;Pateru Lima, Desa/Kelurahan Anakalang, Kec. Katiku Tana;089524985932;Apt Atrini;APOTEK;NULL;NULL
389;APOTEK JURANER;KAB. TIMOR TENGAH SELATAN;JL. AHMAD YANI NO 48 RT 001 RW 001 KEL NUNUMEU KEC SOE;082296182905;Apt Gusriawan Taek;APOTEK;NULL;NULL
390;APOTEK IMANUEL;KAB. ALOR;JL. SLAMET RIYADI NO.83, Desa/Kelurahan Kalabahi Barat, Kec. Teluk Mutiara,;081358040782;Apt Vera;APOTEK;NULL;NULL
391;CV AGRADECE GLOBAL MEDIKA;KAB. SIKKA;JL. DIPONEGORO RT 025 RW 007 KEL WOLOMARANG KEC ALOK BARAT;08217799989;Apt Ignata;APOTEK;NULL;NULL
392;APOTEK ABADI FARMA;KOTA KUPANG;Perumahan Naimata Permai Nomor : 16, Desa/Kelurahan Naimata, Kec. Maulafa;085191440703;Apt Seravani;APOTEK;NULL;NULL
393;MATHIO JAYA PHARMA CABANG ENDE;KAB. ENDE;JL. GATOT SUBROTO RT.033/RW.017, KELURAHAN MATUPAGA, KECAMATAN ENDE TIMUR, ENDE;NULL;NULL;PBF;NULL;NULL
394;APOTEK K24-FATULULI;KOTA KUPANG;JL R.W MONGINSIDI KEL FATULULI KEC OEBOBO;08113076288;RIRIN;APOTEK;NULL;NULL
395;APOTEK DF FARMA;KAB. ROTE NDAO;JL BA'A - NEMBRALA DESA SEDEOEN RT 001 RW 001KEC ROTE BARAT;082341348544;Apt Junita;APOTEK;NULL;NULL
396;APOTEK DOMINI FARMA;KAB. KUPANG;JL TIMOR RAYA KM 17 KEL NOELBAKI KEC KUPANG TENGAH;082136138056;Apt Fauzi;APOTEK;NULL;NULL
397;DINAS KESEHATAN KAB SUMBA BARAT DAYA;KAB. SUMBA BARAT DAYA;JL IR. SOEKARNO-KOM PUSPEM KADUL TAMBOLAKA;NULL;NULL;INSTANSI PEMERINTAH;NULL;NULL
398;PUSKESMAS OEKABITI;KAB. KUPANG;JL JURUSAN BURAEN KEL NONBES KEC AMARASI;081805953487;Apt Maria;PUSKESMAS;NULL;NULL
399;APOTEK KIMIA FARMA 101 HEREWILA;KOTA KUPANG;JL. HEREWILA NO 38 NAIKOTEN II;0213857245;Apt Muhamad Jordy;APOTEK;NULL;NULL
400;DINAS KESEHATAN KAB NGADA;KAB. NGADA;JL. GAJAH MADA RT 008 RW 004 KISANATA , BAJAWA;NULL;NULL;INSTANSI PEMERINTAH;NULL;NULL
401;KLINIK BAPTIS KUPANG;KAB. KUPANG;JL. RAYA TABLOLONG KM 18 DESA OEMATNUNU KEC KUPANG BARAT;082339407780;Apt Maria;KLINIK;NULL;NULL
402;DINAS KESEHATAN KAB MALAKA;KAB. MALAKA;JL. KLETEK DESA KLETEK KEC MALAKA TENGAH;NULL;NULL;INSTANSI PEMERINTAH;NULL;NULL
403;KLINIK BUNDA NIRMALA WAIPADI;KAB. SUMBA BARAT DAYA;Jl. Waipaddi, Desa Waipaddi, Kec. Kodi Bangedo;08126060514;Apt Bernadete;KLINIK;NULL;NULL
404;APOTEK SEHRINA JAYA;KOTA KUPANG;JL. AMABI RT 020 RW 002 KEL OEBUFU KEC OEBOBO;NULL;Apt.Ermenilda Sehrina,S.Farm;APOTEK;NULL;NULL
405;RS KELAS D PRATAMA HOBAKALLA;KAB. SUMBA BARAT;JL LAMBOYA GAURA WAIKABUBAK;NULL;NULL;RUMAH SAKIT;NULL;NULL
406;APOTEK SHILOH 2 FARMA;KAB. SUMBA BARAT DAYA;GOKAT DESA POGO TENA KEC LOURA KOTA TAMBOLAKA;NULL;Apt. Ridwan Ade Shaputra, S.Farm;APOTEK;NULL;NULL
407;APOTEK KAIROS FARMA PENFUI;KOTA KUPANG;Jln. Adisucipto No.203 , Kel. Penfui, Kec. Maulafa;NULL;Apt. Retno Dwi Hartanti, S.Farm;APOTEK;NULL;NULL
408;UPTD PUSKESMAS SEBA;KAB. SABU RAIJUA;JL TRANS SEBA-LIAE, SABU BARAT;081236794980;ELSYA;PUSKESMAS;NULL;NULL
409;APOTEK SANO FARMA;KAB. TIMOR TENGAH UTARA;Jl. Kartini Kefa Tengah Kec. Kota Kefamenanu;082144272250;Apt. Maria Gracia Ederlin Toleu, S.Farm;APOTEK;NULL;NULL
410;APOTEK MADONNA;KAB. SUMBA BARAT DAYA;Jl. Lintas Kodi, Ds. Homba Karipit, Kec. Kodi Utara;081529734429;Prisca S. Mbura Vekiputri;APOTEK;NULL;NULL
411;KLINIK PRATAMA ST. RAFAEL LAHURUS;KAB. BELU;Lahurus, Desa Fatulotu, Kec. Lasiolat, Desa/Kelurahan Fatulotu, Kec. Lasiolat,;082236557607;Apt Julia;KLINIK;NULL;NULL
412;UPTD PUSKESMAS KUPANG KOTA;KOTA KUPANG;JLN IR SOEKARNO NO 1 BONIPOI;NULL;Apt. Johanes B. Ledot kobun,S.Farm;PUSKESMAS;NULL;NULL
413;APOTEK PALO;KAB. FLORES TIMUR;Jl. Pante Palo, Kota Sau I, Kel. Sarotari Tengah;NULL;NULL;APOTEK;NULL;NULL
414;APOTEK CAHAYA HARAPAN;KAB. SUMBA BARAT DAYA;Jln. Korokangali, Desa Ramadana, Kec. Loura,;-;Apt.Prisca C.Umbu Moto;APOTEK;NULL;NULL
415;PUSKESMAS NANGARORO;KAB. ENDE;Jl. Ende - Aegela No,.-Telp,-Kode Pos 86464;082342071388;Apt. Anan;PUSKESMAS;NULL;NULL
416;APOTEK PELENGKAP RSUD ENDE;KAB. ENDE;Jl. Prof W.Z Yohanes, Rt/Rw 004, Kel. Paupire, Kec. Ende Tengah;081287846279;Ibu Luna;APOTEK;NULL;NULL
417;KLINIK UTAMA ST. FRANSISKUS ASISI RATEDOSA;KAB. NAGEKEO;Jl. Ahmad Yani Rt/Rw 004, Desa Aeramo, Kec. Aesesa;082144398567;Sr. Consita;KLINIK;NULL;NULL
418;RS ST ANTONIUS JOPU;KAB. ENDE;Jl. Trans Jopu - Wolowaru;085225945764;Sr. Vita;APOTEK;NULL;NULL
419;APOTEK JOHANES DON BOSCO DO;KAB. ENDE;Jl. Banteng No 34 Ende;082340494051;Melan;APOTEK;NULL;NULL
420;APOTEK ENDE FARMA;KAB. ENDE;Jl. Ateau 1, Kel. Mbongawani, Kec. Ende Selatan;082247154087;Bapak Ishadi;APOTEK;NULL;NULL
421;APOTEK PAHLAWAN;KAB. ENDE;Jl. Pahlawan Ende-Flores Ntt 8630;081238450218;Apt. Putri;KLINIK;NULL;NULL
422;APOTEK SUMBER SEHAT ENDE;KAB. ENDE;Jl. Penglima Sudirman No. 16 Ende;081239635172;Dr. Vivi;APOTEK;NULL;NULL
423;APOTEK KIMIA FARMA KELIMUTU;KAB. ENDE;Jl. Kelimutu Ende - Flores;081913304683;Apt. Echa;APOTEK;NULL;NULL
424;APOTEK SEHAT RUTENG;KAB. MANGGARAI;Jl. Katedral No. 6 - Pitak Ruteng;082146750648;apt. Maria Goreti Bour;APOTEK;NULL;NULL
425;APOTEK RANI FARMA;KAB. ENDE;Jl Melati, Kel. Paupire, Kec. Ende Tengah;081246893544;Apt. Sinta;APOTEK;NULL;NULL
426;APOTEK SURYA AGUNG;KAB. MANGGARAI BARAT;Jl. Soekarno Hata, Kampung Tengah, Labuan Bajo;081339078327;Apt. Maria Lilia Rendeng;APOTEK;NULL;NULL
427;APOTEK KURNIA FARMA;KAB. ENDE;Jl Wirajaya Ende;081238994425;Apt. Tika;APOTEK;NULL;NULL
428;APOTEK ELSA;KAB. FLORES TIMUR;Jl Jendral Sudirman ( Komp. Terminal Weri ) - Larantuka;082266946636;Apt. Renold;APOTEK;NULL;NULL
429;APOTEK MEDIKA FARMA;KAB. ENDE;Jl Kemakmuran No 26;081228951274;Ibu Apt. Uchi;APOTEK;NULL;NULL
431;APOTEK C & C FARMA;KAB. ENDE;Jl Gatot Subroto No. 41;081329557867;Apt. Yuliana;APOTEK;NULL;NULL
432;APOTEK TIARA FARMA;KAB. SIKKA;Jl Litbang, Kel. Kota Uneng;081358958374;Apt. Windy;APOTEK;NULL;NULL
433;APOTEK ULPAR FARMA;KAB. MANGGARAI TIMUR;Jl Moh. Hatta Trans Flores-Borong, Kel. Ranaloba, Kec. Borong;082347238262;Sherly;APOTEK;NULL;NULL
434;APOTEK KUJI FARMA;KAB. ENDE;Jl Jurusan Ende Bajawa, Nangapanda;087734500282;dr. Selvi;APOTEK;NULL;NULL
435;RUMAH SAKIT PRATAMA ADONARA;KAB. FLORES TIMUR;Desa Saosina Kec. Adonara Timur;082144152772;apt. Epi Babe;RUMAH SAKIT;NULL;NULL
436;APOTEK K24 AMAGARAPATI;KAB. FLORES TIMUR;Jl Herman Fernandes, Amagarapati, Larantuka-Flores Timur;081239830826;Ibu Siti;APOTEK;NULL;NULL
437;APOTEK MEDIKA FARMA LARANTUKA;KAB. FLORES TIMUR;Jl Jendral Sudirman, Kel. Sarotari Tengah - Larantuka;08122980810;dr. Endro;APOTEK;NULL;NULL
438;APOTEK ELICA FARMA;KAB. NAGEKEO;Jl Prof. W.Z.Yohanes, Desa Aeramo;081237177433;Nona;APOTEK;NULL;NULL
439;APOTEK K24 KOTABARU;KAB. LEMBATA;Jl Kotabaru, Kelurahan Lewoleba Selatan, Kecamatan Nubatukan;082254160251;apt. Tilde;APOTEK;NULL;NULL
440;APOTEK MM FARMA;KAB. NGADA;Jl Wr Soepratman, Kel. Trikora ( Padhawoli );082210859158;apt. SIndi;APOTEK;NULL;NULL
441;APOTEK K24 GATOT SUBROTO ENDE;KAB. ENDE;Jl Gatot Subroto;082341605011;apt. Densi;APOTEK;NULL;NULL
442;TANGGUNGAN KANTOR POS ENDE;KAB. ENDE;Jl Basuki Rachmat No 15, Kel. Paupire, Kec. Ende Tengah;NULL;NULL;NULL;NULL;NULL
443;APOTEK KURNIA FARMA RUTENG;KAB. MANGGARAI;Jl Adi Sucipto No 5 Ruteng - Flores Ntt;081239129272;apt. Maria G. Santoso;APOTEK;NULL;NULL
444;APOTEK VINDINCE FARMA;KAB. SIKKA;Jl Kimang Buleng-Maumere, Kel. Kota Uneng, Kec. Alok;081346094692;apt. Nelcy;APOTEK;NULL;NULL
445;APOTEK RAFAEL FARMA;KAB. NGADA;Jl W. Monginsidi, Trikora, Bajawa;081334515354;apt. Natalia Kristina;APOTEK;NULL;NULL
446;APOTEK RATU FARMA;KAB. NGADA;Jl Martadinata, No 15 Bajawa-Flores Ntt;082210006311;IBU SINTA;APOTEK;NULL;NULL
447;APOTEK MULIA FARMA;KAB. NGADA;Jl Palapa No 6, Rt 003, Kel. Ngedukelu, Bajawa;082237433210;APT. YERMINALIS;APOTEK;NULL;NULL
448;APOTEK RAHAYU;KAB. NAGEKEO;Jl Soekarno-Hatta, Rateule-Penginanga, Rt 03, Kel. Penginanga, Kec. Aesesa;087861686400;ibu Apt rahayu;APOTEK;NULL;NULL
449;APOTEK PRIMA FARMA;KAB. SIKKA;Jl Yos Sudarso No 63 Maumere;082143303822;Apt.Riko;APOTEK;NULL;NULL
450;APOTEK BERKAT;KAB. FLORES TIMUR;Jl Jendral Sudirman, Kel. Sarotari, Larantuka, Flores Timur;081394529698;dr. Natalia;APOTEK;NULL;NULL
451;APOTEK OVITA FARMA;KAB. NGADA;Jl Trans Flores Bajawa - Ebde , Mataloko - Golewa;085229593298;ITHA;APOTEK;NULL;NULL
452;APOTEK BRINDA FARMA;KAB. NGADA;Jl Trans Bajawa-Riung, Desa Wangka, Kec. Riung, Desa Wangka;NULL;NULL;APOTEK;NULL;NULL
453;APOTEK CERIA;KAB. FLORES TIMUR;Jl Basuki Rahmat Kel. Pohon Bao - Larantuka;081237772228;Apt.Ceria;APOTEK;NULL;NULL
454;APOTEK L3 FARMA;KAB. SIKKA;Jl Yos Sudarso No. 73 Maumere Ntt;085230244188;APt. Charles;APOTEK;NULL;NULL
455;APOTEK BUNDA;KAB. MANGGARAI BARAT;Jl Alo Tanis, Komples Bandara, Labuan Bajo;081367748377;Apt.Elsa;APOTEK;NULL;NULL
456;APOTEK KELUARGA SEHAT;KAB. NAGEKEO;Jl Braga, Kolibali, Kel. Danga, Kec. Aesesa;082132670781;APT IM;APOTEK;NULL;NULL
457;TOKO RODA BARU;KAB. SIKKA;Jl Diponegoro Kel. Wolomarang, Kec. Alok Barat;081262471888;koko;TOKO/MINIMARKET;NULL;NULL
458;TOKO REJEKI EKSPRES;KAB. SIKKA;Jl Raja Centis, Rt 010 Rw 003 Kota Baru, Alok Timur;082142530003;cece lany;TOKO/MINIMARKET;NULL;NULL
459;APOTEK WARU FARMA;KAB. LEMBATA;Jl Trans Lembata, Lamahora, Kel. Lewoleba Timur, Kec. Nubatukan;081353191421;Apt.Nurmalasari;APOTEK;NULL;NULL
460;APOTEK ELEANORA FARMA;KAB. MANGGARAI TIMUR;Jl Flamboyan Kamp. Bugis, Borong;081337499361;APT. ANASTASIA PAULA;APOTEK;NULL;NULL
461;SINAR SWALAYAN MBAY;KAB. NAGEKEO;Jl Wj. Lalamentik (Ud Sinar) Rt 020 Rw 000 Desa Danga Aesesa;082143782011;koko;TOKO/MINIMARKET;NULL;NULL
463;APOTEK MARGARETA FARMA;KAB. NGADA;Jl Basuki Rahmat - Bajawa - Flores - Ntt;081358831905;APT. MARGARETHA PRILLI;APOTEK;NULL;NULL
464;APOTEK SANTY FARMA;KAB. SIKKA;Jl Mangga No 1 Maumere;081339411119;Apt. Selly;APOTEK;NULL;NULL
465;CV. MITRA FAJAR PERKASA;KAB. SIKKA;Jl Mgr Soegyopranoto Rt 002, Rw 001 Kabor, Alok;08126007999;koko ryan;TOKO/MINIMARKET;NULL;NULL
466;APOTEK A28;KAB. MANGGARAI;Jl Dr. Soetomo No. 5 Kel. Watu Ruteng-Ntt;NULL;NULL;APOTEK;NULL;NULL
467;CV INDO NUSA BERSAMA (ROXY SWALAYAN ENDE);KAB. ENDE;Jl Ahmad Yani Rt 011 Rw 004, Kelimutu Ende Tengah;082247941714;admin yuli;TOKO/MINIMARKET;NULL;NULL
468;APOTEK NGADHAMANA SEHAT;KAB. NGADA;Jl Watujaji- Kel Bajawa-Kec.Bajawa;NULL;NULL;APOTEK;NULL;NULL
469;APOTEK LIFECARE - ENDE;KAB. ENDE;Jl Gatot Subroto, Kel. Rewarangga Selatan, Kec. Ende Timur.;082117167237;Apt.Rosari;APOTEK;NULL;NULL
470;APOTEK GRATIA;KAB. MANGGARAI TIMUR;Jl Ki Hajar Dewantara Galo Karot, Kel. Rana Loba, Kec. Borong;NULL;NULL;APOTEK;NULL;NULL
472;APOTEK SEHAT UTAMA;KAB. ENDE;Jl Ikan Paus Kel. Paupanda Rt/Rw 008/004, Kec. Ende Selatan;081293069262;Ibu Erna Haris;APOTEK;NULL;NULL
473;APOTEK NUER;KAB. MANGGARAI BARAT;Jl Soekarno-Hatta, Labuan Bajo, Kec. Komodo;081236989036;Apt. Indriaty Ruben;APOTEK;NULL;NULL
474;APOTEK SEVA FARMA;KAB. NGADA;Jl Aimere - Waebela, Watutoe, Desa Lekogoko, Kec. Aimere;082146035837;KRISTIN COO;APOTEK;NULL;NULL
475;KLINIK PRATAMA PANTI NIRMALA;KAB. MANGGARAI;Jl Golo Guru, No 01, Karot - Manggarai Flores - Ntt.;NULL;NULL;KLINIK;NULL;NULL
476;APOTEK UNIT FARMA;KAB. ENDE;Jl Patimura, Kel. Potulando, Kec. Ende Tengah;082146403430;Apt.Indry;APOTEK;NULL;NULL
477;APOTEK SEHAT FARMA AIMERE;KAB. NGADA;Jl Raya Lintas Flores, Kec. Aimere;NULL;NULL;APOTEK;NULL;NULL
478;KLINIK MAUMERE SEHAT;KAB. SIKKA;Jl Jendral Sudirman No 46 Maumere;081384561500;Apt Yanni;APOTEK;NULL;NULL
479;APOTEK SETYA FARMA;KAB. NGADA;Jl Trans Bajawa-Ruteng, Kali 3, Aimere;NULL;NULL;APOTEK;NULL;NULL
480;APOTEK SIKKA FARMA;KAB. SIKKA;Jl Dr. Soetomo No.14 Maumere;082235132789;Apt. Novi Ngajo;APOTEK;NULL;NULL
481;SWALAYAN A'LEM MART LARANTUKA;KAB. FLORES TIMUR;Jl Tabali, Desa Sarotari, Kec. Larantuka;082247956215;Admin;TOKO/MINIMARKET;NULL;NULL
482;APOTEK KURNIA MEDIKA;KAB. MANGGARAI BARAT;Jl Frans Naka, Baru Cermin, Labuan Bajo.;085163709933;Apt.Bernadus R. Kurniawan;APOTEK;NULL;NULL
483;DINAS KESEHATAN KAB. ENDE;KAB. ENDE;Jl Melati Kel. Mautapaga;082237601688;Apt. Ibu Novi;INSTANSI PEMERINTAH;NULL;NULL
484;APOTEK ROSARIO FARMA;KAB. MANGGARAI BARAT;Jl Ranguu, Kec. Kuwus Barat;NULL;NULL;APOTEK;NULL;NULL
485;APOTEK EL RAPHA FARMA RUTENG;KAB. MANGGARAI;Jl Jendral Sudirman, No 16 Kel. Pau - Kec. Langke Rembong-Ruteng;081353602245;APT. ELISABETH EFLINA;APOTEK;NULL;NULL
486;SWALAYAN WIDY MART;KAB. MANGGARAI TIMUR;Jl Lingkungan Bugis (Kios Widy), Rana Loba, Borong;081239367840;Toko Widy;TOKO/MINIMARKET;NULL;NULL
487;APOTEK K24 GELITING;KAB. SIKKA;Jl Trans Maumere - Larantuka, Desa Geliting, Kewapante;081229067446;Apt.Arce;APOTEK;NULL;NULL
488;APOTEK ANUGERAH FARMA 2;KAB. MANGGARAI;Jl Ruteng - Lamba Leda, Desa Wae Ri'I Kec. Wae Ri'I;NULL;NULL;APOTEK;NULL;NULL
489;APOTEK ZENITA FARMA;KAB. NAGEKEO;Jl Ledho - Rt 004, Kel/Desa Sawu-Kec. Mauponggo;082132054645;Apt.Rian Sawu;APOTEK;NULL;NULL
490;APOTEK PADI MAS;KAB. MANGGARAI;Jl Terusan Cancar - Golo Welu, Kec. Ruteng;NULL;NULL;APOTEK;NULL;NULL
491;APOTEK ANANTA FARMA;KAB. MANGGARAI;Jl Raya Ruteng - Labuan Bajo Kel. Wae Belang, Kec. Ruteng;NULL;NULL;APOTEK;NULL;NULL
492;DINAS KESEHATAN BORONG;KAB. MANGGARAI TIMUR;Jl Borong;085338250981;Apt.Bpk Benediktus;INSTANSI PEMERINTAH;NULL;NULL
493;CV SINAR MAS MANDIRI;KAB. ENDE;Jl Gatot Subroto, Desa/Kelurahan Mautapaga;085294135154;Admin Uni;TOKO/MINIMARKET;NULL;NULL
494;APOTEK PELENGKAP RSUD BAJAWA;KAB. NGADA;Jl Diponegoro No 5, Trikora, Bajawa;085237988352;Maria Marselina Lewa;APOTEK;NULL;NULL
495;KLINIK UTAMA RAWAT INAP MUHAMMADIYAH ENDE;KAB. ENDE;Jl Mahoni, Kota Ratu, Kec. Ende Utara;082236300440;Apt.Fyra;KLINIK;NULL;NULL
496;SWALAYAN SAHABAT AERAMO;KAB. NAGEKEO;Jl. Aeramo RT 02, RW 02, Kobagheje, Aeramo, Kec. Aesesa Selatan;082339321380;Koko;TOKO/MINIMARKET;NULL;NULL
497;APOTEK TIGA PUTRA;KAB. SIKKA;Jl Moan Subu Sadipun Rt 002 Rw 004 Beru Alok Timur;082243429321;Apt.Kristin;APOTEK;NULL;NULL
498;APOTEK SALAM SEHAT 88;KAB. NAGEKEO;Jl Prof. W.Z Yohanes , Desa Aeramo, Kec. Aesesa;085397805759;Rini;APOTEK;NULL;NULL
499;TOKO SINAR MAS;KAB. ENDE;Jl Pelabuhan No. 5 Ende - Flores;082146509680;admin;TOKO/MINIMARKET;NULL;NULL
500;APOTEK GLORY;KAB. SIKKA;Jl Lingkar Luar Kota Baru Maumere;081246088864;Apt.Cece Elyn;APOTEK;NULL;NULL
501;SWALAYAN SAHABAT DANGA;KAB. NAGEKEO;Jl Pramuka, Danga, Aesesa;081239154154;Ibu Yuliana;TOKO/MINIMARKET;NULL;NULL
502;APOTEK BANERA MEDIKA BORONG;KAB. MANGGARAI TIMUR;Jl Lehong Raya, Desa Gurung Liwut - Kec. Borong - Borong;082247872125;Apt.Asri;APOTEK;NULL;NULL
503;APOTEK WIDYA FARMA;KAB. MANGGARAI TIMUR;Jl Ahmad Yani, Kel. Rana Loba, Kec. Borong;082138806413;Apt. Putri;APOTEK;NULL;NULL
504;APOTEK LA FAMILIA FARMA;KAB. MANGGARAI BARAT;Jl Sernaru Pdam, Kel. Wae Kelambu, Labuan Bajo;085238140848;Apt.Aswad Muliani;APOTEK;NULL;NULL
505;PUSKESMAS DETUSOKO;KAB. ENDE;Jl Trans Ende - Maurole Km. 33;082237247332;Apt.Ikra;PUSKESMAS;NULL;NULL
506;TOKO SUMBER REJEKI LARANTUKA;KAB. FLORES TIMUR;Jl Niaga ( Kios Sumber Rejeki ) Postoh- Larantuka;081339452606;Koko Andry;TOKO/MINIMARKET;NULL;NULL
507;APOTEK TEDUH FARMA;KAB. MANGGARAI;Jl Masjid Nurul Huda, Lingk. Naru, Reo, Reok;082217900031;APT. HAMKA;APOTEK;NULL;NULL
508;DINAS KESEHATAN RSUD AERAMO;KAB. NAGEKEO;Jl Prof W.Z Yohanes, Desa Aeramo, Kec. Aesesa;082339855614;APT. INGGRID;RUMAH SAKIT;NULL;NULL
509;APOTEK DAFA FARMA;KAB. NGADA;Desa/Kelurahan Ekoroka, Kec. Golewa;NULL;NULL;APOTEK;NULL;NULL
510;CV BOGAPUTRA;KAB. SIKKA;Jl Don P.C.X. Da Silva, Kel. Kota Baru, Kec. Alok Timur;082211888797;Ibu Bianca;TOKO/MINIMARKET;NULL;NULL
511;APOTEK KARTINI;KAB. FLORES TIMUR;Jl Herman Fernadez No 1, Desa/Kel. Amagarapati, Kec. Laratuka;082237160585;Apt.Ibu Imel;APOTEK;NULL;NULL
512;APOTEK VIKTORIA FARMA;KAB. NGADA;Jl Trans Bajawa - Ruteng, Dusun Ngaluwatu, Rt 09, Desa/Kel. Aimere Timur, Kec. Aimere;NULL;NULL;APOTEK;NULL;NULL
513;CV INDO NUSA BERSATU (ROXY SWALAYAN MAUMERE);KAB. SIKKA;Jl Don Thomas, Kota Baru, Alok Timur;085253827836;Ibu Rhia;TOKO/MINIMARKET;NULL;NULL
514;APOTEK AEGELA FARMA;KAB. NAGEKEO;Jl Trans Aegela, Mbay Desa Bidoa, Kec. Nangaroro;082145442785;Apt.Ibu Henny;APOTEK;NULL;NULL
515;TANGGUNGAN GUDANG PT MATHIO JAYA PHARMA CAB. ENDE;KAB. ENDE;Jl Gatot Subroto, Rt 033 Rw 017 Kel. Mautapaga;NULL;NULL;NULL;NULL;NULL
516;PUSKESMAS NANGAPANDA;KAB. ENDE;Jl Jurusan Ende-Bajawa;082247263362;Apt.Fanny;PUSKESMAS;NULL;NULL
517;APOTEK KRULUT FARMA;KAB. MANGGARAI BARAT;Jl Trans Labuan Bajo - Ruteng;087863271125;APT MARIA FLAVIANA HERDA;APOTEK;NULL;NULL
518;PT PERSADA BAKTI ABADI / APOTEK PB FARMA;KAB. FLORES TIMUR;Jl Sudirman Kel Sarotari Timur , Larantuka;082257372782;Apt.Angga;APOTEK;NULL;NULL
519;APOTEK MURAH HATI;KAB. ENDE;Jl Raya Pulau Ende Desa Kerimando;082247154087;PSA Ishadi;APOTEK;NULL;NULL
520;APOTEK WAIOTI;KAB. SIKKA;Jl. Jendral Sudirman;NULL;NULL;APOTEK;NULL;NULL
521;APOTEK DIPONEGORO;KAB. ENDE;Jln. Diponegoro No. 18;085239986946;Ibu Lusi;APOTEK;NULL;NULL
522;APOTEK MULIA FARMA MAUMERE;KAB. SIKKA;Jln. Moan Subu Sadipun, Kel. Beru, Kec. Alok Timur;082359406392;Apt. Marifa C. Tusalia, S.Farm;APOTEK;NULL;NULL
524;APOTEK KURNIA AKAS;KAB. NAGEKEO;Jln. Masjid Baiturahman Alorongga, Kel. Mbay 1, Kec. Aesesa;081339498407;Apt. Arni Kurniawaty, S.Farm;APOTEK;NULL;NULL
525;KLINIK PRATAMA ST. FAMILIA MAUBESI;KAB. TIMOR TENGAH UTARA;Bibase, Desa Maubesi - Kec. Insana Tengah, Kefamenanu;082155385345;Apt Petronela;KLINIK;NULL;NULL
526;APOTEK PELENGKAP RSUD AERAMO;KAB. NAGEKEO;Desa Aerama, Kec. Aesesa;082235239902;apt. Maria Florida Suhartati,S.Farm;APOTEK;NULL;NULL
527;APOTEK KANA FARMA;KAB. NAGEKEO;Jl. Kolibali, Desa/Kel Danga, Kec. Aesesa;081237177433;apt. Sri Marianty Nage, S.Faarm;APOTEK;NULL;NULL
528;APOTEK WE FARMA;KAB. KUPANG;OETALU RT 013 RW 010 DESA PENFUI TIMUR KEC KUPANG TENGAH;0812-1362-3323;ELzy diaz;APOTEK;NULL;NULL
529;TOKO LIBRA ENDE;KAB. ENDE;Jl. Mesjid, RT. 005, RW. 04, Kota Ratu Ende Utara;081237722973;Aloysius Wun Djung Kie;TOKO/MINIMARKET;NULL;NULL
530;SUMBER HARAPAN;KAB. MALAKA;Seon, RT/RW 001/001, Desa Wameda, Kec Malaka Timur;+62 851-8922-8013;apt. Helena Maria Oematan, S.Farm;APOTEK;NULL;NULL
531;CV. APOTEK MOTANG RUA BARU;KAB. MANGGARAI;JI. Kemuning RT.012/RW.004, Kel. Tenda, Kec. Langke Rembong;082147407036;apt. Yosephina Sonya Ingul, S.Farm;APOTEK;NULL;NULL
532;APOTEK BLESSING FARMA;KAB. SUMBA BARAT DAYA;Jln.Sapurata, Kl. Waitabula, Kec. Kota Tambolaka;085 333 495 278;apt. Sofiah Yunita Radjah, M.Farm;APOTEK;NULL;NULL
533;CV IBE JAYA FAJAR PERKASA;KAB. NGADA;Jalan Ahmad Yani, Tanalodu, Bajawa;082339328181;UE ALEXANDER;TOKO/MINIMARKET;NULL;NULL
534;DUA PUTRA MART RUTENG;KAB. MANGGARAI;Kuwu, Desa/Kelurahan Poco Likang, Kec.Ruteng;082257722127;Damianus Boni;TOKO/MINIMARKET;NULL;NULL
535;APOTEK KYSERRA FARMA;KAB. BELU;Haekesak, Desa Tohe, Kecamatan Raihat,;082329098422;apt. Stefania Amaral Go'o, S.Farm;APOTEK;NULL;NULL
536;TOKO UTAMA MART BORONG;KAB. MANGGARAI TIMUR;Kembur, Desa/Kelurahan Satar Peot, Kec. Borong;082131428585;Hariadi;TOKO/MINIMARKET;NULL;NULL
537;PKM WAIKLIBANG;KAB. FLORES TIMUR;Desa Ratulodong, Kec. Tanjung Bunga;082266946636;Yohanes M. Renoldus, S.Farm..Apt;PUSKESMAS;NULL;NULL
538;APOTEK ADE FARMA KEFA;KAB. TIMOR TENGAH UTARA;JL. HAUMUTI, Desa/Kelurahan Oepuah Utara, Kec. Biboki Moenleu,;085384278197;apt. Nirwan Frengky Bani, S.Farm;APOTEK;NULL;NULL
539;APOTEK 88 MEDIKA;KAB. SUMBA BARAT DAYA;Keretana, Kl. Waitabula, Kec. Kota Tambolaka,;13.995.359.0-926.000;Apt. Yosep Emanuel Nura Lele, S.Farm;APOTEK;NULL;NULL
540;APOTEK KELIMUTU;KAB. BELU;Jl. Pemuda RT.004 RW.002, Desa/Kelurahan Tulamalae, Kec. Atambua Barat,;085134420159;Apt. ALFONSA LIQUORY SERAN, S.Farm;APOTEK;NULL;NULL
541;KLINIK NARISHA;KOTA KUPANG;JL. Amabi No: 77, Desa/Kelurahan Oebufu, Kec. Oebobo,;+62 821-4330-6443;Apt. ANITA NATALIA SAWO, S.Farm;KLINIK;NULL;NULL
542;APOTEK NONIK FARMA;KAB. ALOR;Jalan buton no 14, Desa/Kelurahan Kalabahi Timur, Kec. Teluk Mutiara;082190531034;apt. Marwah Marzuki, S.Farm;APOTEK;NULL;NULL
543;TOKO OBAT MULTAZAM;KAB. MANGGARAI TIMUR;Jl. Trans Flores Ruteng. Borong, Kampung Kaca, Desa Sita Kec. Ranamese;082226897160;Nataura Linus, A-md.Farm;TOKO OBAT;NULL;NULL
544;CV SURYA AGUNG ABADI;KAB. MANGGARAI BARAT;Jln. Frans Sales Lega, Desa/Kelurahan Batu Cermin, Kec. Komodo;081236543711;Surya Agung Abadi;TOKO/MINIMARKET;NULL;NULL
545;KLINIK UMEMANEKAN;KAB. TIMOR TENGAH SELATAN;Jl. Gunung Mollo, Desa/Kelurahan Nonohonis, Kec. Kota Soe;081246083569;apt. Alfhani F. Ottu, S.Farm;KLINIK;NULL;NULL
546;UPTD PUSKESMAS MORU;KAB. ALOR;Jl. Kui – Kelurahan Moru, Kec. Alor Barat Daya;+62 822-4813-1081;Theresia Julita Kaat, A.Md.Far;PUSKESMAS;NULL;NULL
547;APOTEK GAYATRI;KAB. MANGGARAI TIMUR;Jln. Ir. Soekarno lintas Trans Flores Borong, Ranaloba, Kec. Borong;082237486917;apt. Emerensiana Warni, S.Farm;APOTEK;NULL;NULL
548;APOTEK PRIMA FARMA KUPANG;KOTA KUPANG;Jl. Lingkar Luar Bello, RT 028 RW 011, Jalur 40 Arah BTN Kolhua, Desa/Kel. Bello, Kec. Maulafa;0812312631881;apt. Andreani Korsini Teme , S. Farm;APOTEK;NULL;NULL
549;KLINIK PRATAMA RAFA MEDIKA NAGEKEO;KAB. NAGEKEO;Jln. Ahmad Yani, Kobafesa, RT. 004, Kelurahan Lape, Kecamatan Aesesa;081246388260;Apt. Maria Anjelina Keo, S. Farm;KLINIK;NULL;NULL
550;APOTEK MARVIN 2;KAB. TIMOR TENGAH UTARA;JL. ELTARI KM 2 KEL. BENPASI KEC KOTA KEFAMENANU;-;apt. Maria Mersiana Bano, S.Farm;APOTEK;NULL;NULL
551;APOTEK SEHAT FARMA LEMBATA;KAB. LEMBATA;Berdikari, JL. B. L. Uran, Lewoleba;081337682645;Apt. Mariana Inocentya P. Wutun, S. Farm;APOTEK;NULL;NULL
552;APOTEK KLINIK PRATAMA POLKESKU;KOTA KUPANG;JL. Piet A. Tallo Kel. Liliba, Kec Oebobo;+62 852-3937-0938;Apt. Mario Yedi Mau, S.Farm;APOTEK;NULL;NULL
553;KLINIK CALLISTA BEAUTY HOUSE;KOTA KUPANG;JL. W.J LALAMENTIK NO 76, KEL OEBOBO, KEC OEBOBO;+62 821-4600-7566;APT. DWI RATNA SARI TIMOR, S.FARM;KLINIK;NULL;NULL
554;KLINIK PRATAMA RAWAT JALAN GRAHOSHADA;KAB. SUMBA TIMUR;Jl. Palapa No.03, Kel. Matawai, Kec. Kota Waingapu;081337758 353;Apt. Jeanetha Vista Tanggu Solo, S.Farm;KLINIK;NULL;NULL
555;APOTEK SERAPHINE FARMA;KAB. NGADA;Jl. TW. Mengeruda Kel.Ngedukelu-Bajawa;081337119065;Apt. Theresia S. L. Lulu, S. Farm;APOTEK;NULL;NULL
556;PUSKESMAS KOTA MBAY;KAB. NAGEKEO;Kelurahan Lape, Kec. Aesesa;05337827655;Apt. Ernastin Rosari Nio, S. Farm;PUSKESMAS;NULL;NULL
557;KLINIK IBU DAN ANAK AL-IKLHAS SOE;KAB. TIMOR TENGAH SELATAN;Jl. Soeharto No. 98 Kelurahan Oekefan;0857 0231 6597;apt. Kristoforus Puru Wedon, S.Farm;KLINIK;NULL;NULL
558;APOTIK KASIH IBU;KAB. MANGGARAI;Jl. Ulumbu No. 06, Kel. Bangka Nekang, Kec. Langke Rembong;085337541925;Apt. Alve M. Marsela Dendot, S. Farm;APOTEK;NULL;NULL
559;APOTEK SUSTER KECE FARMA BELLO;KOTA KUPANG;PERUMAHAN SUNLY 1 BELO BLOK A NO 9 KEL BELO KEC MAULAFA;082247614719;Apt. Yohanes Bala Making ,S.Farm;APOTEK;NULL;NULL
560;APOTEK KIAQ FARMA;KAB. LEMBATA;Wangatoa Selatan Barat RT 015 RW 006 ( Samping SDN WANGATOA );082172282178;apt. Karlinda Yunita Mole, S.Farm;APOTEK;NULL;NULL
561;APOTIK ST. ELISABETH FARMA;KAB. SIKKA;Dusun Tour Orin Bao, Desa Nita, Kec. Nita;085342719758;Apt. Elisabeth Herlina, S. Farm;APOTEK;NULL;NULL
562;APOTEK ELECTRA FARMA;KAB. MANGGARAI BARAT;Jl. Frans Nala, Cowang Ndereng, Desa Batu Cermin, Kec. Komodo;082147122188;Apt. Hikmatul Qomariyah Jamil, S. Farm;APOTEK;NULL;NULL
563;APOTEK MITRA JAYA;KAB. MANGGARAI BARAT;Jln. Mgr Van Beckhum, Kel. Labuan Bajo;-;Apt. Anie Nurfitriana Ipur, S. Farm;APOTEK;NULL;NULL
564;APOTEK ANUGERAH FARMA;KAB. NAGEKEO;Jln Soekarno-Hatta, RT.013, Rateule, Kel. Lape, Kec. Aesesa;085337827655;Apt. Ernastin Rosari Nio, S. Farm;APOTEK;NULL;NULL
565;PUSKESMAS NAIONI;KOTA KUPANG;Jl. Sikib RT.006/RW.002 Kel. Naioni, Kec. Alak;082331482636;Apt. Madri Lusi;PUSKESMAS;NULL;NULL
566;PUSKESMAS ONEKORE;KAB. ENDE;Jl. Banteng;082236810175;Apt. Maria R. Lusiana Kya, S. Farm;PUSKESMAS;NULL;NULL
567;APOTEK RAYA FARMA MANGGARAI;KAB. MANGGARAI;Jl. Soekarno, Kel. Pau, Kec. Langke Rembong;081246548848;Apt. Hugolia C. Jiman, S. Farm;APOTEK;NULL;NULL
568;APOTEK BAHARI FARMA OESAPA BARAT;KOTA KUPANG;Jln Timor Raya Km.7 RT01/RW:01 Kel Oesapa Barat, Kec Kelapa Lima;-;Apt. YOCA RIKSANTI SINLAE, S.Farm;APOTEK;NULL;NULL
569;APOTEK TIMOR MEDIKA;KOTA KUPANG;Jl. Farmasi, Desa/Kel. Liliba, Kec. Oebobo;082236379415;apt. Theresia Sofia Ora Adja ,S.Farm;APOTEK;NULL;NULL
570;APOTEK NUR SANTI FARMA;KAB. NGADA;Jln. Letjen Soeprapto No. 1 Nunuraja, Kel. Faobata, Kec. Bajawa;082236434449;Apt. Maria Ermelinda Benge, S. Farm;APOTEK;NULL;NULL
571;HK MART LARANTUKA;KAB. FLORES TIMUR;Postoh, Larantuka;085177605698;Adi Luhung;TOKO/MINIMARKET;NULL;NULL
572;APOTEK PHARMAFIT;KAB. MANGGARAI BARAT;Jl. Trans Flores, Desa Golo Bilas, Kec. Komodo;082237179583;Apt. Katharina F. W. Resmianto, S. Farm;APOTEK;NULL;NULL
573;APOTEK ASSAN PRIMA;KAB. MANGGARAI BARAT;Jln. Trans Labuan Bajo-Ruteng, Merombok, Desa Golo Bilas, Kec. Komodo;085238140848;Apt. Aswad Muliani, S. Farm;APOTEK;NULL;NULL
